"PJahr","Tnr","Enr","Bnr","PArt","AJahr","Bs","Ba","Kh","Kst","Bhd","D03","Hoe","StHoe","Balter","N_ha","VolR","Biomasse","C","G","Stf","StfM","Alkl5","BhdSt5","Bl","BID","Volumen"
2012,10935,3,1,0,0,1,10,2,0,193,169,122,0,49,136.727371,0.241029,14453.0883343316,52.853676,0.029255,8.554796,7.017403,10,3,10,119032,32.955261504759
2012,10935,3,9,0,0,1,10,0,0,129,116,117,0,49,306.048828,0.080521,14823.6644284045,24.21781,0.01307,5.398619,4.428426,10,2,10,119034,24.643357679388
2012,10935,3,12,0,0,1,10,2,0,184,162,119,0,49,150.430008,0.214335,14299.4779209588,47.528675,0.026591,8.035148,6.59114,10,3,10,119035,32.24241576468
2012,10935,3,13,0,0,1,20,2,0,188,135,128,0,49,144.096832,0.173409,10771.6307117704,37.376362,0.027759,9.327752,7.651449,10,3,10,119036,24.987687540288
2012,10935,3,15,0,0,1,10,1,0,175,150,144,0,49,166.30069,0.193218,15461.8051560438,46.487495,0.024053,7.540311,6.185232,10,3,10,119037,32.13228672042
2012,10935,3,17,0,0,1,10,1,0,197,166,153,0,49,131.231369,0.253709,15755.914141709,60.031052,0.030481,8.793715,7.213385,10,3,10,119039,33.294579397621
2012,10935,3,18,0,0,1,10,0,0,167,144,172,0,49,182.615326,0.192157,17410.4650127119,47.669781,0.021904,7.121284,5.841509,10,3,10,119040,35.090813198182
2012,11201,1,1,0,0,1,20,0,0,541,423,290,0,83,17.977301,2.987777,25886.7384899594,719.984009,0.229872,69.961502,187.560898,17,10,10,121382,53.712166449877
2012,11201,1,2,0,0,1,20,0,0,513,385,289,0,83,19.909052,2.526153,24210.5081627575,608.027649,0.206693,63.007877,168.918808,17,10,10,121383,50.293311436956
2012,11201,1,3,0,0,1,20,0,0,551,400,300,0,83,16.790953,2.87288,22983.7811362672,684.409668,0.238448,72.534462,194.458786,17,11,10,121384,48.23839305464
2012,11201,2,1,0,0,1,20,2,0,455,380,161,0,93,24.600691,1.713058,18999.1313717975,386.15036,0.162597,49.779232,81.985085,19,9,10,121385,42.142410523078
2012,11201,2,2,0,0,1,20,0,0,523,380,290,0,93,18.619444,2.512746,22488.7881199613,603.906006,0.21483,65.448898,107.792603,19,10,10,121386,46.785933433224
2012,11201,2,4,0,0,1,20,0,0,444,310,240,0,93,25.834743,1.434473,18529.0879611536,358.607941,0.154831,47.449184,78.147552,19,8,10,121388,37.059241295439
2012,11201,2,5,0,0,1,10,0,0,718,391,280,0,93,9.879188,3.022563,14925.5560959578,755.403992,0.404893,81.804039,134.729095,19,14,10,121389,29.860468118844
2012,11201,4,6,0,0,1,20,0,0,189,146,195,0,77,142.576035,0.243877,15663.5229689694,54.93042,0.028055,9.416581,7.839623,16,3,10,121401,34.771015687695
2012,11201,4,7,0,0,1,20,0,0,395,310,258,0,77,32.641933,1.440049,22846.0558404219,349.949493,0.122542,37.762611,31.438656,16,7,10,121402,47.005982974717
2012,11201,4,10,0,0,1,20,0,0,355,270,251,0,77,40.412285,1.084839,20951.5177979184,259.222137,0.09898,30.69401,25.553804,16,7,10,121405,43.840822847115
2012,11201,4,13,0,0,2,100,0,0,25,0,23,0,7,2078.758057,0,3372.01372824335,0.811065,0.000491,NA,NA,4,0,10,449722,0
2012,11201,4,14,0,0,2,100,0,0,55,0,55,0,16,1039.379028,0,8871.51367683314,4.267699,0.002376,NA,NA,4,1,10,449723,0
2012,11202,1,3,0,0,1,110,0,0,376,303,335,39,116,36.024208,1.798846,36499.0309815141,506.590332,0.111037,44.969494,33.547485,24,7,10,121408,64.802002463968
2012,11202,1,5,0,0,1,110,0,0,390,331,270,136,116,33.484276,1.700515,34794.6425918018,519.566895,0.119459,48.296432,36.0294,24,7,10,121410,56.94051360214
2012,11202,1,6,0,0,1,110,0,0,426,343,343,130,116,28.064087,2.381972,37621.4399404072,670.277283,0.142531,57.409843,42.828053,24,8,10,121411,66.847869439564
2012,11202,1,8,0,0,1,110,0,0,475,419,394,180,116,22.572668,3.906629,45755.1782951651,1013.508423,0.177206,71.106316,53.045696,24,9,10,121413,88.183039416172
2012,11202,1,9,0,0,1,100,0,-999,99,77,181,59,25,519.636597,0.043823,16862.2912341421,16.22508,0.007698,3.639312,2.714947,5,1,10,121414,22.772034590331
2012,11202,1,10,0,0,1,110,0,-999,356,287,332,142,110,40.18557,1.593194,36030.346738884,448.299561,0.099538,40.427689,30.159275,22,7,10,121415,64.02340901058
2012,11202,1,11,0,0,2,100,0,0,25,0,23,0,7,2078.758057,0,3372.01372824335,0.811065,0.000491,NA,NA,4,0,10,449724,0
2012,11202,2,8,0,0,1,100,0,1,531,440,371,142,116,18.062632,4.242401,51140.6470741191,1415.647705,0.221452,67.765656,52.795551,24,10,10,121419,76.628928059432
2012,11202,2,10,0,0,1,100,0,1,553,448,363,144,116,16.654051,4.379509,49092.6253122017,1473.894409,0.240182,73.384712,57.173298,24,11,10,121421,72.936566240959
2012,11202,2,14,0,0,1,100,0,0,605,459,360,150,116,13.914235,4.789269,45289.9856696668,1627.469482,0.287476,87.572815,68.227112,24,12,10,121424,66.639014344215
2012,11202,2,15,0,0,2,100,0,0,10,0,14,0,7,4024.893066,0,1300.50332302059,0.161558,7.9e-05,NA,NA,4,0,10,449725,0
2012,11202,2,16,0,0,2,100,0,0,15,0,16,0,7,3118.137207,0,1931.80448895037,0.309769,0.000177,NA,NA,4,0,10,449726,0
2012,11202,3,1,0,0,1,20,1,0,348,220,211,0,99,42.054417,0.727765,13955.7803600189,165.925262,0.095115,29.534519,34.313549,20,6,10,121425,30.605732788005
2012,11202,3,2,0,0,1,20,0,0,413,297,268,0,99,29.858641,1.441692,20569.2430888141,344.443726,0.133965,41.189465,47.854401,20,8,10,121426,43.046963860572
2012,11202,3,3,0,0,1,20,2,0,325,274,144,0,99,48.217358,0.792038,17055.8942218837,176.86467,0.082958,25.88736,30.076237,20,6,10,121427,38.189979795604
2012,11202,3,4,0,0,1,20,0,0,513,386,274,0,99,19.352423,2.405665,22847.4016217644,590.298218,0.206693,63.007877,73.203285,20,10,10,121428,46.555446676295
2012,11202,3,5,0,0,1,20,0,0,496,326,276,0,99,20.701736,1.881419,18660.4164589351,450.696899,0.193221,58.96629,68.507721,20,9,10,121429,38.948639443384
2012,11202,3,7,0,0,1,100,0,0,537,348,320,85,99,17.661255,2.695684,34158.6953924726,967.051758,0.226485,69.275505,80.485085,20,10,10,121430,47.60916252342
2012,11202,3,10,0,0,1,20,0,0,465,351,266,0,99,23.553974,1.935152,22398.464980718,475.471039,0.169823,51.946934,60.352554,20,9,10,121431,45.580519894048
2012,11202,3,11,0,0,2,100,0,0,25,0,23,0,7,4024.893066,0,6528.89576425751,0.811065,0.000491,NA,NA,4,0,10,449728,0
2012,11202,4,3,0,0,1,100,0,0,278,222,328,186,73,65.899261,0.920308,41857.3611903393,317.585968,0.060699,19.539656,11.44687,15,5,10,121432,60.647617092388
2012,11202,4,4,0,0,1,100,2,0,114,98,147,80,73,391.886597,0.077918,21801.2631260879,27.815781,0.010207,4.392118,2.573024,15,2,10,121433,30.535019865046
2012,11202,4,5,0,0,1,100,0,0,127,100,246,115,73,315.764038,0.124244,31777.8685188169,50.319012,0.012668,5.130315,3.005481,15,2,10,121434,39.231787137272
2012,11202,4,7,0,0,1,100,0,1,352,238,348,144,73,41.104069,1.260995,38535.3531969603,468.75351,0.097314,30.52426,17.881954,15,7,10,121435,51.832025488655
2012,11202,4,10,0,0,1,100,0,0,130,102,249,94,73,301.35849,0.132263,32030.0628016497,53.142792,0.013273,5.311978,3.111903,15,2,10,121436,39.85857796287
2012,11202,4,13,0,0,1,100,0,0,592,455,370,94,73,14.532043,4.778823,46985.5825639996,1616.619995,0.275254,83.906334,49.154648,15,11,10,121437,69.446061325389
2012,11202,4,14,0,0,1,100,0,1,366,294,348,157,73,38.019638,1.743543,45144.5701340451,593.700684,0.105209,32.892712,19.269459,15,7,10,121438,66.288873697434
2012,11202,4,15,0,0,1,100,0,0,397,320,353,120,73,32.313877,2.105798,46161.4265006931,714.266296,0.123786,38.465836,22.534348,15,7,10,121439,68.046497558846
2012,11202,4,16,0,0,1,100,0,0,400,322,353,152,73,31.830988,2.135149,46131.6266508681,724.633911,0.125664,39.029202,22.864384,15,8,10,121440,67.963902197212
2012,11202,4,17,0,0,1,100,0,0,340,273,343,290,73,44.056732,1.473451,44319.251923777,502.97934,0.090792,28.567673,16.735731,15,6,10,121441,64.915435822132
2012,11202,4,18,0,0,1,100,0,1,472,382,363,211,73,22.860521,3.12903,48223.6216395453,1054.73584,0.174975,53.822365,31.530628,15,9,10,121442,71.53125602463
2012,11202,4,19,0,0,1,10,0,0,558,414,318,0,73,16.356924,3.116464,24477.1084716158,748.218567,0.244545,50.536331,29.605577,15,11,10,121443,50.975764796736
2012,11202,4,20,0,0,1,100,0,1,243,193,317,155,73,86.249695,0.667195,40154.626302178,232.781265,0.046377,15.243125,8.929843,15,4,10,121444,57.545365255525
2012,11202,4,21,0,0,2,100,0,0,10,0,14,0,7,4024.893066,0,1300.50332302059,0.161558,7.9e-05,NA,NA,4,0,10,449731,0
2012,11203,1,2,0,0,1,110,0,0,606,436,320,110,121,13.868352,4.01007,33922.4189941221,1223.015503,0.288427,115.038719,132.002518,25,12,10,121445,55.61306230464
2012,11203,1,6,0,0,1,110,0,1,665,412,402,175,121,11.516666,4.914689,33680.0876471566,1462.232544,0.347324,138.302795,158.697159,25,13,10,121446,56.600831706874
2012,11203,1,7,0,0,1,100,0,1,694,523,370,140,121,10.574288,6.537205,46374.4797292517,2192.794434,0.378277,114.813072,131.743607,25,13,10,121447,69.12628838504
2012,11203,1,9,0,0,1,110,0,0,486,391,349,213,121,21.562424,3.184543,38657.0411033935,896.398315,0.185508,74.385796,85.354851,25,9,10,121448,68.666466412232
2012,11203,1,13,0,0,2,100,0,0,10,0,14,0,7,4024.893066,0,1300.50332302059,0.161558,7.9e-05,NA,NA,4,0,10,449733,0
2012,11203,1,14,0,0,2,100,0,0,15,0,16,0,7,3118.137207,0,1931.80448895037,0.309769,0.000177,NA,NA,4,0,10,449734,0
2012,11203,2,3,0,0,1,20,0,0,543,439,305,0,120,17.273108,3.327963,27136.2297864494,785.505127,0.231574,70.472313,61.536587,24,10,10,121451,57.484264319004
2012,11203,2,7,0,0,1,20,0,0,537,398,340,0,120,17.661255,3.177207,25606.0494055407,724.92157,0.226485,68.945503,60.203365,24,10,10,121452,56.113463014785
2012,11203,2,9,0,0,1,20,0,0,320,243,283,0,120,49.73592,0.992067,22009.6487634286,221.265121,0.080425,25.127487,21.94138,24,6,10,121453,49.34136494664
2012,11203,2,10,0,0,1,20,0,0,476,345,375,0,120,22.477924,2.661158,26175.2873061288,582.244324,0.177953,54.385838,47.489834,24,9,10,121454,59.817307275992
2012,11203,2,13,0,0,1,100,0,2,433,160,336,66,105,27.164038,0.980681,23086.5855903097,424.947601,0.147254,45.506157,39.73608,21,8,10,121455,26.639255949878
2012,11203,2,14,0,0,1,100,2,0,240,205,172,101,70,88.419418,0.482092,25843.9883421319,146.144302,0.045239,14.901711,13.012208,14,4,10,121456,42.626294062456
2012,11203,2,15,0,0,1,100,2,0,105,91,122,47,20,461.94632,0.054001,18863.8260423738,20.417768,0.008659,3.92771,3.429685,4,2,10,121457,24.94556322632
2012,11203,2,17,0,0,1,100,0,0,211,112,120,33,20,114.394516,0.139077,14518.9011795549,63.459778,0.034967,11.820036,10.321282,4,4,10,121459,15.909646101732
2012,11203,2,18,0,0,2,10,0,0,15,0,14,0,5,1039.379028,0,767.916092225016,0.369411,0.000177,NA,NA,4,0,10,449736,0
2012,11203,2,19,0,0,2,100,0,0,10,0,14,0,7,4024.893066,0,1300.50332302059,0.161558,7.9e-05,NA,NA,4,0,10,449737,0
2012,11203,2,20,0,0,2,100,0,0,15,0,16,0,7,3118.137207,0,1931.80448895037,0.309769,0.000177,NA,NA,4,0,10,449738,0
2012,11203,2,21,0,0,2,100,0,0,25,0,23,0,7,4024.893066,0,6528.89576425751,0.811065,0.000491,NA,NA,4,0,10,449739,0
2012,11203,3,5,0,0,1,20,0,0,490,357,352,0,120,21.211821,2.67418,25414.7185706947,599.069702,0.188575,57.572361,31.730913,24,9,10,121460,56.72422748178
2012,11203,3,6,0,0,1,100,0,0,295,231,256,140,85,58.522934,0.796796,33864.6293983467,289.32785,0.068349,21.834827,12.03423,17,5,10,121461,46.630839719464
2012,11203,3,7,0,0,1,100,0,0,279,219,253,76,85,65.427696,0.703542,33484.9116308122,255.892487,0.061136,19.670898,10.841584,17,5,10,121462,46.031132099232
2012,11203,3,8,0,0,1,20,0,0,537,396,362,0,120,17.661255,3.348455,26436.5078249431,748.432312,0.226485,68.945503,37.999203,24,10,10,121463,59.137917611025
2012,11203,3,9,0,0,1,20,0,0,467,347,346,0,120,23.352659,2.464251,25801.8090223192,552.438354,0.171287,52.386131,28.87253,24,9,10,121464,57.546813293409
2012,11203,3,10,0,0,1,20,0,0,538,397,362,0,120,17.595661,3.364065,26462.7658285049,751.968506,0.227329,69.198784,38.138798,24,10,10,121465,59.192947321965
2012,11203,3,12,0,0,1,20,0,0,548,404,364,0,120,16.959343,3.501489,26519.0132925219,781.84082,0.235859,71.757622,39.549099,24,10,10,121466,59.382952961727
2012,11203,3,13,0,0,1,100,0,0,620,491,291,142,120,13.24911,4.3918,40378.3997363174,1523.815552,0.301908,91.902321,50.651817,24,12,10,121467,58.187441298
2012,11203,3,14,0,0,1,100,0,0,526,415,277,77,120,18.40766,2.932829,38020.522882414,1032.73645,0.217301,66.520401,36.662613,24,10,10,121468,53.98651907014
2012,11203,3,15,0,0,1,10,0,0,396,309,273,0,85,32.477287,1.482736,22703.5919964105,349.530304,0.123163,26.86684,14.807616,17,7,10,121469,48.155242617232
2012,11203,3,16,0,0,1,100,0,1,402,317,273,82,85,31.515049,1.635972,36714.8858866877,582.497681,0.126924,39.407139,21.719181,17,8,10,121470,51.557737742628
2012,11203,3,17,0,0,1,100,0,2,474,374,281,0,85,22.668013,2.382825,38116.6374056862,840.75824,0.176461,54.268162,29.909811,17,9,10,121471,54.013908076725
2012,11203,3,18,0,0,1,100,0,1,367,258,282,100,85,37.812725,1.19211,33630.356968955,444.696289,0.105785,33.065426,18.223955,17,7,10,121472,45.07692759975
2012,11203,3,19,0,0,1,20,0,0,533,393,361,0,120,17.927334,3.290267,26383.2232656978,735.837891,0.223123,67.937042,37.443394,24,10,10,121473,58.985715458178
2012,11203,3,20,0,0,1,100,0,0,498,394,283,153,85,20.535791,2.674001,38620.7787250428,940.328491,0.194782,59.764702,32.93922,17,9,10,121474,54.912725669791
2012,11203,3,21,0,0,2,100,0,0,10,0,14,0,7,3183.0979,0,1028.5066779585,0.161558,7.9e-05,NA,NA,4,0,10,449740,0
2012,11203,4,2,0,0,1,100,0,0,472,374,289,123,95,22.860521,2.439614,39162.7458509073,856.558472,0.174975,53.822365,52.829926,19,9,10,121475,55.770847078894
2012,11203,4,3,0,0,1,100,0,0,500,396,292,105,95,20.371832,2.78184,39672.4667275222,973.708862,0.19635,60.235001,59.124313,19,10,10,121476,56.67117713088
2012,11203,4,4,0,0,1,20,0,0,410,318,297,0,125,30.297192,1.752235,24647.2834710113,406.758545,0.132026,40.607719,39.858944,25,8,10,121477,53.08780022412
2012,11203,4,5,0,0,1,100,0,0,532,406,272,70,95,24.309732,2.82299,48695.1292320269,1001.556274,0.222287,68.016121,66.761955,19,10,10,121478,68.62613033868
2012,11203,4,6,0,0,1,100,0,0,675,252,317,100,125,11.177959,2.476753,18844.2104505345,842.918213,0.357848,108.684364,106.680305,25,13,10,121479,27.685043487127
2012,11206,2,2,0,0,1,100,0,1,211,163,157,55,29,114.394516,0.244539,22157.3394281061,96.846161,0.034967,11.820036,6.697698,6,4,10,121486,27.973920548124
2012,11206,2,4,0,0,1,100,0,1,173,132,136,50,29,170.168015,0.13838,19443.1380578451,57.129238,0.023506,8.38187,4.749497,6,3,10,121488,23.5478499157
2012,11206,2,12,0,0,2,100,0,0,10,0,14,0,7,3183.0979,0,1028.5066779585,0.161558,7.9e-05,NA,NA,4,0,10,449743,0
2012,11206,4,5,0,0,2,100,0,0,25,0,23,0,7,1039.379028,0,1686.00686331061,0.811065,0.000491,NA,NA,4,0,10,449749,0
2012,11208,1,3,0,0,1,100,0,1,231,179,207,96,69,95.443443,0.384511,27884.2935016249,146.077576,0.04191,13.902918,20.420246,14,4,10,121498,36.699053711373
2012,11208,1,4,0,0,1,100,0,0,363,236,239,98,69,38.650654,0.908975,27498.9306499656,355.736938,0.103491,32.377411,47.555103,14,7,10,121499,35.13247821965
2012,11208,1,5,0,0,1,100,0,1,235,182,208,93,69,92.22197,0.400167,28008.4128384686,151.853256,0.043374,14.342113,21.065325,14,4,10,121500,36.90418906899
2012,11208,1,7,0,0,1,100,0,1,380,278,222,90,69,41.459866,1.083663,33824.0235379983,407.912842,0.113412,35.353527,51.926346,14,7,10,121501,44.928522769158
2012,11208,1,9,0,0,1,100,0,0,293,228,219,134,69,66.873322,0.671387,33464.4119574169,250.207489,0.067426,21.557741,31.663456,14,5,10,121502,44.897879037614
2012,11208,1,10,0,0,2,100,0,0,10,0,14,0,7,4024.893066,0,1300.50332302059,0.161558,7.9e-05,NA,NA,4,0,10,449753,0
2012,11208,1,11,0,0,2,100,0,0,15,0,16,0,7,4024.893066,0,2493.57420032351,0.309769,0.000177,NA,NA,4,0,10,449754,0
2012,11208,1,12,0,0,2,100,0,0,25,0,23,0,7,4024.893066,0,6528.89576425751,0.811065,0.000491,NA,NA,4,0,10,449755,0
2012,11208,4,10,0,0,1,100,0,0,441,305,242,103,104,26.187433,1.4971,29275.430666485,558.959534,0.152745,47.153622,46.430378,21,8,10,121523,39.2052059443
2012,11472,2,4,0,0,1,20,0,0,447,339,250,0,129,25.489134,1.694948,21612.0397640616,423.946136,0.15693,48.078999,45.963013,26,8,10,123566,43.202756695032
2012,11472,2,6,0,0,1,20,0,0,518,354,262,0,129,18.980629,2.053132,19234.6235066365,506.690887,0.210742,64.222504,61.396027,26,10,10,123567,38.969736780028
2012,11472,3,1,0,0,1,20,0,0,533,377,292,0,129,17.927334,2.527254,21710.988445446,605.527527,0.223123,67.937042,111.410652,26,10,10,123571,45.306926560836
2012,11472,3,5,0,0,1,20,0,0,620,464,267,0,129,13.24911,3.370819,22128.8860673007,835.108398,0.301908,91.572327,150.170395,26,12,10,123572,44.66035172109
2012,11472,3,6,0,0,1,20,0,0,472,357,261,0,129,22.860521,1.961144,22229.1581708801,486.190979,0.174975,53.492367,87.722687,26,9,10,123573,44.832773596024
2012,11472,3,8,0,0,1,20,0,0,482,364,263,0,129,21.921791,2.054626,22318.8090376267,509.055328,0.182467,55.740181,91.408897,26,9,10,123574,45.041081755166
2012,11472,3,11,0,0,1,20,0,0,482,364,263,0,129,21.921791,2.054626,22318.8090376267,509.055328,0.182467,55.740181,91.408897,26,9,10,123575,45.041081755166
2012,11473,1,1,0,0,1,100,0,1,313,265,263,116,85,51.985405,1.033698,37243.7954185514,358.213959,0.076945,24.413454,19.557993,17,6,10,123581,53.73720917769
2012,11473,1,11,0,0,2,100,0,0,96,52,112,36,50,552.621338,0.019059,16687.9160359975,15.09887,0.007238,NA,NA,10,1,10,123586,10.532410080942
2012,11473,1,15,0,0,2,100,0,0,15,0,16,0,7,2078.758057,0,1287.86960911767,0.309769,0.000177,NA,NA,4,0,10,450336,0
2012,11473,2,3,0,0,1,100,0,1,535,204,298,126,155,17.793545,1.456252,19860.2874047135,558.075623,0.224801,68.770348,93.41259,31,10,10,123590,25.91188549334
2012,11473,2,4,0,0,1,100,0,1,539,424,359,140,155,17.530432,3.932268,46811.9114570497,1335.161377,0.228175,69.782555,94.787506,31,10,10,123591,68.934356779776
2012,11473,2,5,0,0,1,100,0,0,609,489,334,79,155,13.732054,4.905081,45862.9683639654,1669.923828,0.29129,88.716988,120.506653,31,12,10,123592,67.356837166374
2012,11473,2,6,0,0,1,100,0,0,299,237,294,142,105,56.967575,0.952494,38292.8083628151,336.093018,0.070216,22.394663,30.419268,21,5,10,123593,54.26127338205
2012,11473,2,9,0,0,1,100,0,0,879,708,347,199,155,6.591623,11.328941,49521.2639702969,3756.378662,0.606832,183.3797,249.089523,31,17,10,123595,74.676108061243
2012,11473,2,10,0,0,1,100,0,2,745,600,342,0,155,9.176087,7.781063,48020.300277737,2616.600098,0.435917,132.104996,179.441742,31,14,10,123596,71.399711040481
2012,11473,2,7,0,0,2,100,0,0,177,138,162,47,50,162.56369,0.174975,22676.6772548659,69.747055,0.024606,NA,NA,10,3,10,123594,28.44458165775
2012,11473,2,11,0,0,2,100,0,0,10,0,14,0,7,4024.893066,0,1300.50332302059,0.161558,7.9e-05,NA,NA,4,0,10,450339,0
2012,11473,2,12,0,0,2,100,0,0,15,0,16,0,7,3118.137207,0,1931.80448895037,0.309769,0.000177,NA,NA,4,0,10,450340,0
2012,11473,2,13,0,0,2,100,0,0,25,0,23,0,7,1039.379028,0,1686.00686331061,0.811065,0.000491,NA,NA,4,0,10,450341,0
2012,11473,2,14,0,0,2,110,0,0,10,0,13,0,6,3802.076416,0,950.021031989504,0.124934,7.9e-05,NA,NA,4,0,10,450342,0
2012,11473,3,2,0,0,1,110,0,0,567,422,354,136,137,15.841783,3.996227,36677.142753212,1157.607788,0.252497,100.846489,126.088783,28,11,10,123597,63.307360952741
2012,11473,3,3,0,0,1,110,0,0,560,435,285,100,137,16.240301,3.382704,33948.8901468969,1045.205078,0.246301,98.399071,123.02877,28,11,10,123598,54.936131153904
2012,11473,3,6,0,0,1,110,0,0,401,324,300,137,137,31.672428,1.858427,34765.017113548,548.821472,0.126293,50.995777,63.760231,28,8,10,123599,58.860895350756
2012,11473,3,7,0,0,1,110,0,0,606,488,323,70,137,13.868352,4.721097,38275.4427821764,1379.956421,0.288427,115.038719,143.833405,28,12,10,123600,65.473835022144
2012,11473,3,10,0,0,1,110,0,0,690,555,329,132,137,10.697245,6.320158,39494.2259298722,1845.999878,0.373929,148.81192,186.060165,28,13,10,123601,67.60827856471
2012,11473,3,11,0,0,2,110,0,0,10,0,13,0,6,3802.076416,0,950.021031989504,0.124934,7.9e-05,NA,NA,4,0,10,450343,0
2012,11473,4,2,0,0,1,110,0,0,474,365,308,171,137,22.668013,2.526703,34110.6444369519,752.395996,0.176461,70.811905,69.503441,28,9,10,123602,57.275336451139
2012,11473,4,3,0,0,1,110,0,0,503,361,280,158,137,20.129551,2.386354,30068.5364728213,746.875488,0.198713,79.601746,78.130867,28,10,10,123603,48.036234547054
2012,11473,4,4,0,0,1,20,0,0,631,461,361,0,129,12.791203,4.519257,25768.987057064,1007.293335,0.312716,94.81469,93.062698,26,12,10,123604,57.806733696171
2012,11473,4,5,0,0,1,110,0,0,334,269,273,75,137,45.653831,1.155864,31922.0424933682,349.60968,0.087616,35.718349,35.058346,28,6,10,123605,52.769619714984
2012,11473,4,6,0,0,1,20,0,0,733,489,378,0,129,9.478992,5.534569,22202.3981192366,1171.137085,0.421987,127.596016,125.238304,26,14,10,123606,52.462135274448
2012,11473,4,7,0,0,1,110,0,0,440,355,288,85,137,26.306602,2.165957,34364.7778990735,653.158813,0.152053,61.171108,60.040787,28,8,10,123607,56.978968748114
2012,11473,4,9,0,0,2,100,0,0,15,0,16,0,7,2078.758057,0,1287.86960911767,0.309769,0.000177,NA,NA,4,0,10,450347,0
2012,11475,1,5,0,0,1,100,0,1,153,101,145,36,24,217.564117,0.09299,19119.3266106641,43.939522,0.018385,6.845627,19.991016,5,3,10,123627,20.23128723983
2012,11475,1,6,0,0,1,100,0,1,96,85,116,54,24,552.621338,0.035686,16687.9160359975,15.09887,0.007238,3.501474,10.225216,5,1,10,123628,19.720845067868
2012,11475,4,13,0,0,2,100,0,0,25,0,23,0,7,1039.379028,0,1686.00686331061,0.811065,0.000491,NA,NA,4,0,10,450356,0
2012,11477,2,1,0,0,1,100,0,0,897,716,316,203,205,6.329731,10.743029,45320.8399630148,3579.997314,0.63194,190.911987,263.232544,37,17,10,123659,68.000483695199
2012,11477,2,3,0,0,1,100,0,0,822,707,345,97,205,7.537485,10.685706,53937.9776721773,3577.982422,0.530682,160.534668,221.347794,37,16,10,123660,80.54334868941
2012,11477,2,4,0,0,1,100,0,0,654,507,254,78,205,11.907337,4.225199,35362.6745513656,1484.911133,0.335928,102.108437,140.788773,37,13,10,123661,50.310868385063
2012,11477,2,5,0,0,1,100,0,2,1141,910,323,0,205,3.911999,18.810377,43464.8302946275,5555.322266,1.022497,308.079193,424.784576,37,18,10,123662,73.586176013623
2012,11477,2,8,0,0,1,100,0,0,1180,941,323,85,205,3.657683,20.311811,42807.6965640563,5851.750488,1.093591,329.407227,454.191986,37,18,10,123663,74.294165793913
2012,11477,2,10,0,0,1,100,0,0,907,724,316,107,205,6.190925,11.011508,45314.0311714763,3659.714111,0.646109,195.162552,269.093292,37,18,10,123664,68.1714201649
2012,11477,2,12,0,0,2,100,0,0,240,165,214,70,50,88.419418,0.368279,26472.7947930215,149.700119,0.045239,NA,NA,10,4,10,123666,32.563014841622
2012,11477,2,13,0,0,2,100,0,0,128,100,171,72,50,310.849457,0.088522,23609.2145811036,37.975319,0.012868,NA,NA,10,2,10,123667,27.517015632554
2012,11477,2,16,0,0,2,100,0,0,25,0,23,0,7,2078.758057,0,3372.01372824335,0.811065,0.000491,NA,NA,4,0,10,450362,0
2012,11478,1,5,0,0,1,10,0,0,517,352,322,0,84,19.054125,2.40125,21602.9049656434,566.882629,0.209929,43.78611,47.52766,17,10,10,123673,45.75371765625
2012,11478,1,6,0,0,1,10,0,0,267,183,237,0,84,71.441017,0.4971,15835.0339411365,110.825928,0.05599,13.768124,14.944617,17,5,10,123674,35.5133295507
2012,11478,1,7,0,0,1,10,0,0,581,437,334,0,84,15.087522,3.610715,25810.6246552469,855.363281,0.26512,54.54847,59.209667,17,11,10,123675,54.47674199823
2012,11478,1,8,0,0,1,10,0,0,443,343,311,0,84,25.951511,2.077718,24850.632514134,478.789703,0.154134,32.906116,35.717964,17,8,10,123676,53.919921531898
2012,11478,2,3,0,0,1,10,0,0,568,397,385,0,124,15.786048,3.560247,25392.1395469475,804.258911,0.253389,52.260834,31.130173,25,11,10,123679,56.202230033856
2012,11478,2,5,0,0,1,10,0,0,303,246,302,0,124,55.473408,1.031457,24294.6355610027,218.97551,0.072107,16.910824,10.073257,25,6,10,123680,57.218434995456
2012,11478,2,7,0,0,1,10,0,0,479,372,362,0,124,22.197245,2.832654,27777.5489313588,625.69812,0.180203,37.989574,22.629221,25,9,10,123681,62.87711483823
2012,11478,2,13,0,0,1,10,0,0,726,481,398,0,124,9.662663,5.437866,24368.6250964932,1260.968384,0.413965,83.573273,49.782032,25,14,10,123686,52.544266597158
2012,11478,2,14,0,0,1,10,0,0,518,399,370,0,124,18.980629,3.327268,28122.0076213767,740.808105,0.210742,43.944622,26.17646,25,10,10,123687,63.153639491572
2012,11478,2,16,0,0,1,10,0,0,623,471,389,0,124,13.121818,4.85315,28684.9316584057,1093.024292,0.304837,62.293125,37.106102,25,12,10,123689,63.6821510267
2012,11478,2,18,0,0,2,100,0,0,10,0,14,0,7,3183.0979,0,1028.5066779585,0.161558,7.9e-05,NA,NA,4,0,10,450366,0
2012,11748,1,7,0,0,2,100,0,0,10,0,14,0,7,3183.0979,0,1028.5066779585,0.161558,7.9e-05,NA,NA,4,0,10,451031,0
2012,11748,2,1,0,0,1,20,0,0,574,398,295,0,145,15.457752,2.869933,21231.0600965195,686.744751,0.25877,78.631126,86.189224,29,11,10,125491,44.362712570616
2012,11748,2,3,0,0,1,10,0,0,255,206,203,0,38,78.323082,0.487081,18235.3705112985,116.411217,0.051071,12.808773,14.039964,8,5,10,125492,38.149685103642
2012,11748,2,6,0,0,1,10,0,0,356,234,222,0,38,40.18557,0.785639,15091.8595527084,187.7771,0.099538,22.259998,24.399649,8,7,10,125493,31.57135102923
2012,11748,2,10,0,0,1,10,2,0,337,281,160,0,38,44.844612,0.927808,17407.3965848552,194.085709,0.089197,20.243435,22.189251,8,6,10,125494,41.607189770496
2012,11748,2,11,0,0,1,10,0,0,324,255,222,0,38,48.51545,0.824691,19408.753259468,200.02652,0.082448,18.927389,20.746708,8,6,10,125495,40.01025497595
2012,11748,2,12,0,0,1,10,0,0,294,218,223,0,38,58.921726,0.630232,17444.9055101181,148.034576,0.067887,16.087933,17.634319,8,5,10,125496,37.134357220432
2012,11748,2,13,0,0,1,10,0,0,215,176,188,0,38,110.177559,0.326566,17307.7755556108,78.544922,0.036305,9.929497,10.883928,8,4,10,125497,35.980244732394
2012,11748,2,14,0,0,1,20,0,0,590,440,297,0,145,14.630733,3.381728,23678.9876572294,809.220825,0.273398,83.01931,90.999199,29,11,10,125498,49.477159446624
2012,11748,2,15,0,0,1,10,0,0,314,248,220,0,38,51.654812,0.772157,19277.5118380879,186.59938,0.077437,17.950274,19.675671,8,6,10,125499,39.885624669484
2012,11748,3,5,0,0,1,20,0,0,522,425,320,0,145,18.690851,3.265688,28277.5417989508,756.454102,0.214009,65.202682,62.663342,29,10,10,125500,61.038487820488
2012,11748,3,12,0,0,1,20,0,0,536,398,323,0,145,17.727215,3.021236,24862.7566168552,701.259521,0.225642,68.692688,66.017433,29,10,10,125505,53.55810013774
2012,11748,3,10,0,0,2,100,0,0,174,135,143,63,40,168.217667,0.149546,20435.773225336,60.742054,0.023779,NA,NA,8,3,10,125503,25.156279229182
2012,11748,3,11,0,0,2,100,0,0,245,169,150,44,40,84.847282,0.2826,19910.3916529049,117.330757,0.047144,NA,NA,8,4,10,125504,23.9778418932
2012,11748,3,13,0,0,2,100,0,1,219,205,164,70,40,106.189575,0.356109,26345.1643057681,124.047791,0.037669,NA,NA,8,4,10,125506,37.815063363675
2012,11748,3,17,0,0,2,100,0,0,84,69,100,30,40,721.791138,0.015736,15994.0074239359,11.079388,0.005542,NA,NA,8,1,10,125510,11.358105347568
2012,11748,3,18,0,0,2,100,0,0,138,108,131,74,40,267.431122,0.083366,19040.1422270189,35.598217,0.014957,NA,NA,8,2,10,125511,22.294662916652
2012,11748,3,19,0,0,2,100,0,0,10,0,14,0,7,4024.893066,0,1300.50332302059,0.161558,7.9e-05,NA,NA,4,0,10,451032,0
2012,11748,4,3,0,0,1,100,0,0,447,329,183,60,65,25.489134,1.294219,24904.2140684578,488.526093,0.15693,48.409,134.092514,13,8,10,125512,32.988521516346
2012,11748,4,5,0,0,1,100,0,0,363,296,220,55,65,38.650654,1.125274,31611.4579057682,408.938202,0.103491,32.377411,89.68515,13,7,10,125514,43.492576029196
2012,11748,4,6,0,0,2,100,0,0,10,0,14,0,7,3183.0979,0,1028.5066779585,0.161558,7.9e-05,NA,NA,4,0,10,451034,0
2012,11751,3,2,0,0,1,10,0,0,456,374,331,0,78,24.492912,2.560041,28211.1046752991,575.903442,0.163313,34.696022,49.034168,16,9,10,125537,62.702858929392
2012,11751,3,3,0,0,1,10,0,0,429,333,304,0,78,27.672956,1.915051,24453.0933907835,441.822937,0.144546,31.036428,43.862247,16,8,10,125538,52.995122060756
2012,11751,3,4,0,0,1,10,0,0,462,317,291,0,78,24.336334,1.773214,20517.6729602807,421.544037,0.167639,35.539589,50.226341,16,9,10,125539,43.153528157476
2012,11751,3,1,0,0,2,10,0,0,209,181,195,0,78,116.594345,0.347029,19179.4423555792,82.248596,0.034307,NA,NA,16,4,10,125536,40.461618951005
2012,11752,2,1,0,0,1,100,0,1,576,469,372,82,144,15.350594,4.925452,50622.6312368212,1648.881836,0.260577,79.503052,85.338516,29,11,10,125543,75.608613918488
2012,11752,2,2,0,0,1,100,0,1,586,475,366,185,144,14.83115,4.997311,49773.0750792447,1677.991089,0.269703,82.240967,88.277382,29,11,10,125544,74.11586903765
2012,11752,2,6,0,0,1,100,0,0,599,485,367,172,144,14.194383,5.241768,49934.7443257403,1758.961426,0.281802,85.870689,92.173531,29,11,10,125546,74.403662589144
2012,11752,2,9,0,0,1,100,0,1,650,491,365,127,144,12.054339,5.624048,45784.2041511314,1899.075684,0.331831,100.87944,108.283913,29,13,10,125547,67.794181144272
2012,11752,2,10,0,0,1,100,0,0,626,508,369,100,144,12.996351,5.808178,50555.1708041734,1944.975586,0.307779,93.663818,100.538658,29,12,10,125548,75.485119958478
2012,11752,2,12,0,0,2,100,0,0,10,0,14,0,7,3183.0979,0,1028.5066779585,0.161558,7.9e-05,NA,NA,4,0,10,451039,0
2012,11754,3,5,0,0,1,100,0,0,120,95,128,38,22,353.677673,0.059162,18819.2844733017,26.605135,0.01131,4.722928,5.655564,5,2,10,125557,20.924278490026
2012,11754,3,6,0,0,1,100,0,0,179,128,182,40,22,173.706924,0.178275,25982.3477801661,74.787888,0.025165,8.879501,10.632936,5,3,10,125558,30.9676018761
2012,11754,3,9,0,0,2,100,0,0,15,0,16,0,7,1039.379028,0,643.934804249064,0.309769,0.000177,NA,NA,4,0,10,451043,0
2012,11754,3,10,0,0,2,100,0,0,25,0,23,0,7,2078.758057,0,3372.01372824335,0.811065,0.000491,NA,NA,4,0,10,451044,0
2012,11755,1,1,0,0,1,100,0,0,856,348,308,29,144,8.249968,4.436193,21980.2431157187,1332.141113,0.575491,173.977234,160.516907,29,17,10,125560,36.598450291824
2012,11755,1,4,0,0,1,10,0,0,368,286,234,0,74,37.607502,1.0962,20204.9954303069,268.629852,0.106362,23.590591,21.765427,15,7,10,125562,41.2253436924
2012,11755,1,5,0,0,1,10,0,0,570,323,267,0,74,15.675464,1.943779,14933.7009337918,476.339996,0.255176,52.609406,48.539104,15,11,10,125563,30.469637738456
2012,11755,1,7,0,0,1,10,0,0,525,392,262,0,74,18.477854,2.313942,21745.9169199496,588.431885,0.216476,45.062786,41.576355,15,10,10,125564,42.756682440468
2012,11755,1,9,0,0,1,100,0,1,459,363,282,155,74,25.156025,2.24067,39772.6121089668,790.518616,0.165469,50.970654,47.027138,15,9,10,125566,56.36635053675
2012,11755,1,10,0,0,1,100,0,1,403,318,276,169,74,33.091816,1.663246,39121.5997222109,591.106873,0.127556,39.596809,36.533272,15,8,10,125567,55.039830594736
2012,11755,1,11,0,0,1,100,0,2,545,432,289,0,74,20.298008,3.31363,46993.5358284615,1157.589844,0.233283,71.315033,65.797508,15,10,10,125568,67.26008824904
2012,11755,2,8,0,0,1,10,0,0,158,135,189,0,54,204.012085,0.185815,18252.1225512686,44.732944,0.019607,6.673312,8.634755,11,3,10,125571,37.908505574275
2012,11755,2,10,0,0,1,10,0,0,368,324,329,0,54,37.607502,1.876386,30060.4632103643,399.660461,0.106362,23.590591,30.52442,11,7,10,125572,70.566190247772
2012,11755,2,13,0,0,1,10,0,0,845,612,368,0,129,7.132745,7.700882,25084.2951679496,1758.390015,0.560795,112.205078,145.184784,26,16,10,125573,54.92842758109
2012,11755,2,14,0,0,1,10,0,0,657,482,338,0,129,11.798841,4.458217,25278.2362075818,1071.216919,0.339017,68.958344,89.226814,26,13,10,125574,52.601793526497
2012,11755,2,15,0,0,1,10,0,0,194,163,220,0,54,135.321442,0.322985,19644.0539103344,72.582932,0.029559,8.614067,11.145944,11,3,10,125575,43.70679594437
2012,11755,2,16,0,0,1,10,0,0,371,293,302,0,54,37.001755,1.470886,24294.088982079,328.282928,0.108103,23.930132,30.963758,11,7,10,125576,54.42536340493
2012,11755,2,17,0,0,2,10,0,0,10,0,14,0,5,2777.430908,0,1526.86208993301,0.27487,7.9e-05,NA,NA,4,0,10,451045,0
2012,11755,3,1,0,0,1,100,0,1,181,142,243,34,74,155.457977,0.271824,31599.9958405022,101.63517,0.02573,9.049147,4.828322,15,3,10,125577,42.257209140048
2012,11755,3,2,0,0,1,100,0,1,420,162,290,168,124,28.871645,0.857164,21292.9597659971,368.752106,0.138545,42.893364,22.886463,25,8,10,125578,24.74773471478
2012,11755,3,5,0,0,1,20,0,0,428,345,355,0,124,27.802418,2.408913,29414.1810552072,528.986023,0.143873,44.161808,23.563263,25,8,10,125580,66.973606151634
2012,11755,3,7,0,0,1,100,0,0,197,154,250,169,74,131.231369,0.333,32391.1121821798,123.412231,0.030481,10.474175,5.588669,15,3,10,125581,43.700045877
2012,11755,3,8,0,0,1,20,0,0,526,387,380,0,124,18.40766,3.355185,27152.0377700333,737.520081,0.217301,66.190399,35.316978,25,10,10,125582,61.7611047171
2012,11755,3,9,0,0,1,20,0,0,426,318,354,0,124,28.064087,2.115954,26079.7707138695,464.646698,0.142531,43.759377,23.348537,25,8,10,125583,59.382317143998
2012,11755,3,10,0,0,1,100,0,0,467,301,316,75,124,23.352659,1.966064,33809.3736519936,723.887024,0.171287,52.716133,28.127563,25,9,10,125584,45.912822164176
2012,11755,3,11,0,0,1,20,0,0,573,419,389,0,124,15.511752,4.021249,27299.9223273059,879.975464,0.25787,78.360886,41.810745,25,11,10,125585,62.376617218248
2012,11755,3,13,0,0,1,10,0,0,457,354,324,0,104,24.385841,2.301602,25642.0839150478,525.757629,0.16403,34.835846,18.58724,21,9,10,125587,56.126500417282
2012,11755,3,14,0,0,1,10,0,0,448,325,322,0,104,25.375467,1.994053,23125.904901704,455.674469,0.157633,33.588421,17.921658,21,8,10,125588,50.600026097751
2012,11755,3,15,0,0,1,20,0,0,553,406,385,0,124,16.654051,3.73628,27301.1736453412,819.65564,0.240182,73.05471,38.979546,25,11,10,125589,62.22419767028
2012,11755,3,16,0,0,1,100,0,0,529,422,312,96,124,18.199472,3.373203,42435.7612950788,1165.85144,0.219787,67.266129,35.890953,25,10,10,125590,61.390513548816
2012,11755,3,17,0,0,1,100,0,0,478,381,308,123,124,22.29022,2.684466,41553.7562806188,932.107361,0.179451,55.165394,29.434408,25,9,10,125591,59.83733772252
2012,11755,4,3,0,0,1,10,0,0,154,99,96,0,24,226.447693,0.066324,8722.49045330839,19.259394,0.018627,6.482176,4.564375,5,3,10,125592,15.018916790532
2012,11755,4,8,0,0,1,100,0,0,253,234,192,71,34,79.566292,0.553056,30309.2647112969,190.465485,0.050273,16.411798,11.556243,7,5,10,125597,44.004615188352
2012,11755,4,10,0,0,1,100,0,0,126,99,151,65,24,320.796051,0.076625,21411.5407646923,33.372513,0.012469,5.070703,3.570497,5,2,10,125599,24.580997407875
2012,11756,1,1,0,0,1,20,0,0,338,257,263,0,104,44.579655,1.030624,21334.5755888328,239.286011,0.089727,27.918171,19.890169,21,6,10,125600,45.94486235472
2012,11756,1,2,0,0,1,20,0,0,500,375,293,0,104,20.371832,2.432358,23689.6007011319,581.430298,0.19635,59.904995,42.679035,21,10,10,125601,49.551588539856
2012,11756,1,3,0,0,1,20,0,0,415,164,268,0,104,29.571541,0.748486,8017.13373819865,135.554886,0.135265,41.579651,29.623228,21,8,10,125602,22.133884436926
2012,11756,1,4,0,0,1,20,0,0,326,248,260,0,104,47.921993,0.949268,21021.6970818196,219.332458,0.083469,26.040751,18.552612,21,6,10,125603,45.490814451124
2012,11756,1,5,0,0,1,20,0,0,330,251,261,0,104,46.767292,0.975948,21127.0642053317,225.874359,0.08553,26.659019,18.993093,21,6,10,125604,45.642445092816
2012,11756,1,6,0,0,1,20,0,0,293,237,269,0,104,59.3246,0.86899,23055.3123570218,194.314941,0.067426,21.227741,15.123606,21,5,10,125605,51.552484154
2012,11756,1,7,0,0,1,20,0,0,338,257,263,0,104,44.579655,1.030624,21334.5755888328,239.286011,0.089727,27.918171,19.890169,21,6,10,125606,45.94486235472
2012,11756,1,8,0,0,1,20,0,0,346,263,265,0,104,42.542004,1.0871,21537.7321119312,253.134903,0.094025,29.207481,20.808735,21,6,10,125607,46.2474125484
2012,11756,1,10,0,0,1,20,0,0,356,270,268,0,104,40.18557,1.15933,21747.4032604597,270.587219,0.099538,30.861534,21.987156,21,7,10,125609,46.5883368681
2012,11756,1,11,0,0,1,20,0,0,340,259,264,0,104,44.056732,1.049429,21476.7802532034,243.740051,0.090792,28.237669,20.117796,21,6,10,125610,46.234412206028
2012,11756,1,12,0,0,2,100,0,1,98,84,103,68,19,530.295532,0.032021,16804.1320889437,15.84412,0.007543,NA,NA,4,1,10,125611,16.980593230172
2012,11756,1,14,0,0,2,100,0,1,112,90,111,63,19,406.007477,0.044742,16919.0713122131,20.835911,0.009852,NA,NA,4,2,10,125612,18.165586535934
2012,11756,1,15,0,0,2,10,0,0,25,0,18,0,5,1039.379028,0,1463.0039353371,0.703788,0.000491,NA,NA,4,0,10,451046,0
2012,11756,2,3,0,0,1,100,0,0,638,445,282,127,104,12.512057,3.835034,33563.8220107757,1341.259155,0.319692,97.237709,44.375069,21,12,10,125615,47.984164004938
2012,11756,2,4,0,0,1,20,0,0,383,291,261,0,104,34.719429,1.308181,21761.7689602309,313.394684,0.11521,35.562859,16.229345,21,7,10,125616,45.419297348649
2012,11756,2,6,0,0,1,20,0,0,373,284,259,0,104,36.606014,1.235922,21620.518606997,295.313751,0.109272,33.781574,15.416443,21,7,10,125618,45.242178034908
2012,11756,2,8,0,0,1,100,0,1,277,217,244,72,74,66.375916,0.667612,32453.1193938404,244.464569,0.060263,19.40889,8.857375,15,5,10,125620,44.313358032592
2012,11756,2,10,0,0,1,20,0,0,459,346,276,0,104,24.17379,1.952692,22848.0042808839,472.578033,0.165469,50.640652,23.110195,21,9,10,125622,47.20396634268
2012,11758,1,1,0,0,1,10,0,0,323,259,204,0,50,54.583649,0.773448,21163.1708073542,193.859985,0.08194,18.828299,7.903069,10,6,10,125650,42.217614151752
2012,11758,1,2,0,0,1,100,0,1,301,232,193,64,50,56.945263,0.623125,26986.4866680744,236.951111,0.071158,22.677408,9.51871,10,6,10,125651,35.484017006875
2012,11758,1,3,0,0,1,100,0,1,204,158,174,37,50,122.379822,0.251105,24075.9293602262,98.365601,0.032685,11.135561,4.674087,10,4,10,125652,30.73018520331
2012,11758,1,4,0,0,1,100,0,1,248,192,184,116,50,83.278351,0.399178,25582.3480132368,153.595428,0.048305,15.821572,6.641014,10,4,10,125653,33.242885595478
2012,11758,1,5,0,0,1,10,0,0,194,160,167,0,50,136.606934,0.238074,16262.6275031758,59.523434,0.029559,8.614067,3.615705,10,3,10,125654,32.522559205116
2012,11758,1,6,0,0,1,100,0,0,292,225,191,107,50,59.73164,0.57881,26364.209400555,220.688812,0.066966,21.419903,8.990879,10,5,10,125655,34.5732705484
2012,11758,1,7,0,0,1,100,0,0,294,227,192,91,50,59.358994,0.591556,26726.7258102788,225.127853,0.067887,21.696049,9.106791,10,5,10,125656,35.114169054664
2012,11758,1,8,0,0,1,100,0,0,401,310,203,46,50,35.186253,1.199607,31463.2965898024,447.096436,0.126293,39.21793,16.461498,10,8,10,125657,42.209675402571
2012,11758,1,9,0,0,1,100,0,0,296,229,192,134,50,62.274887,0.601568,28480.3955834831,228.666779,0.068814,21.974085,9.223495,10,5,10,125658,37.462579222816
2012,11758,1,10,0,0,1,100,0,1,388,239,209,96,50,44.205593,0.876562,30686.8405683,347.092285,0.118237,36.801178,15.447081,10,7,10,125659,38.748943011266
2012,11758,1,11,0,0,1,100,0,0,253,195,185,101,50,90.199417,0.415981,28901.2470098498,160.207504,0.050273,16.411798,6.888758,10,5,10,125660,37.521243683077
2012,11758,1,12,0,0,1,100,0,0,190,149,127,64,50,272.820221,0.164697,36258.3219098368,66.450943,0.028353,9.835881,4.128554,10,3,10,125661,44.932671938037
2012,11758,1,14,0,0,1,100,0,1,261,202,186,99,50,124.343742,0.448669,42791.1980355969,172.068161,0.053502,17.380671,7.295436,10,5,10,125663,55.789182379398
2012,11758,2,1,0,0,1,100,0,0,404,315,252,98,64,31.203793,1.508771,34034.9696801629,545.365906,0.12819,39.786957,47.374897,13,8,10,125665,47.079377968403
2012,11758,2,5,0,0,2,100,0,1,83,70,91,30,30,739.288513,0.014944,15936.5075770446,10.778274,0.005411,NA,NA,6,1,10,125668,11.047927538272
2012,11758,3,1,0,0,1,100,0,0,141,134,170,87,64,256.172119,0.148649,25918.584308537,50.588223,0.015615,6.014361,3.624745,13,2,10,125669,38.079729317231
2012,11758,3,4,0,0,1,100,0,0,367,288,264,73,64,37.812725,1.299788,35317.7728878423,467.009094,0.105785,33.065426,19.927923,13,7,10,125671,49.1485262023
2012,11758,3,6,0,0,1,100,0,0,368,302,261,104,64,37.607502,1.376371,36567.6329829938,486.174713,0.106362,33.238602,20.032295,13,7,10,125672,51.761875135242
2012,11758,3,7,0,0,1,100,0,0,225,176,235,107,64,100.601646,0.41579,31045.766847018,154.300491,0.039761,13.258262,7.990511,13,4,10,125673,41.82915839034
2012,11758,3,11,0,0,1,100,0,0,404,318,269,111,64,31.203793,1.626022,36226.6361681942,580.484497,0.12819,39.786957,23.978868,13,8,10,125676,50.738053901446
2012,11758,3,13,0,0,1,100,0,0,463,365,275,106,64,23.757904,2.218515,37346.9262670476,785.989502,0.168365,51.839626,31.242788,13,9,10,125678,52.70726639256
2012,11758,3,14,0,0,1,100,0,1,392,308,267,83,64,33.143471,1.511516,35860.2079755382,540.984497,0.120688,37.536312,22.622446,13,7,10,125679,50.096886712036
2012,11758,3,15,0,0,1,100,0,1,241,188,240,145,64,87.687164,0.488197,31644.680623983,180.440781,0.045617,15.015045,9.049293,13,4,10,125680,42.808610403308
2012,12025,1,11,0,0,1,100,0,0,233,119,136,60,60,93.811974,0.180431,15569.2505973323,82.981148,0.042639,14.121573,6.324741,12,4,10,128048,16.926588280794
2012,12025,1,12,0,0,2,100,0,0,10,0,14,0,7,3183.0979,0,1028.5066779585,0.161558,7.9e-05,NA,NA,4,0,10,451844,0
2012,12025,2,1,0,0,1,100,0,1,319,208,256,66,112,50.048229,0.738501,29288.0287229963,292.598053,0.079923,25.306927,17.276808,23,6,10,128049,36.960667164729
2012,12025,2,3,0,0,1,100,0,1,307,240,242,63,112,54.037262,0.81892,32402.3307205165,299.814697,0.074023,23.536951,16.06846,23,6,10,128051,44.25219459704
2012,12025,2,15,0,0,2,100,0,0,10,0,14,0,7,3183.0979,0,1028.5066779585,0.161558,7.9e-05,NA,NA,4,0,10,451845,0
2012,12025,3,7,0,0,2,100,0,1,109,73,106,42,38,428.664124,0.02944,15311.896226532,17.860016,0.009331,NA,NA,8,2,10,128064,12.61987181056
2012,12025,3,8,0,0,2,100,0,0,25,0,23,0,7,2078.758057,0,3372.01372824335,0.811065,0.000491,NA,NA,4,0,10,451847,0
2012,12025,4,1,0,0,1,10,0,0,215,179,224,0,52,111.480438,0.39938,20020.9959361004,89.796005,0.036305,9.929497,7.677358,11,4,10,128065,44.52305732844
2012,12025,4,3,0,0,1,10,0,0,210,175,221,0,52,120.376114,0.376237,20428.1880352703,84.851501,0.034636,9.604047,7.425724,11,4,10,128066,45.289948003018
2012,12025,4,4,0,0,1,10,0,0,308,223,268,0,52,64.454926,0.798656,22862.0470067923,177.349106,0.074506,17.378706,13.436989,11,6,10,128067,51.477313379456
2012,12025,4,5,0,0,1,10,0,0,225,186,228,0,52,100.601646,0.440829,19907.3750321373,98.941597,0.039761,10.603371,8.198388,11,4,10,128068,44.348123004534
2012,12025,4,7,0,0,1,10,0,0,252,206,240,0,52,88.522377,0.572702,22691.3611121336,128.167374,0.049876,12.575827,9.723465,11,5,10,128069,50.696942352654
2012,12025,4,8,0,0,1,10,0,0,485,294,284,0,52,50.366848,1.619606,38709.3942899651,384.274536,0.184746,38.875412,30.057962,11,9,10,128070,81.574449221888
2012,12025,4,9,0,0,1,10,0,0,378,296,274,0,52,35.858383,1.365911,22801.0969097953,317.932587,0.112221,24.733112,19.12332,11,7,10,128071,48.979359781913
2012,12025,4,11,0,0,1,10,0,0,212,176,222,0,52,116.721634,0.383113,20151.7239847745,86.32386,0.035299,9.733308,7.525667,11,4,10,128072,44.717575366642
2012,12025,4,12,0,0,1,10,0,0,329,262,263,0,52,52.875607,1.023606,24746.5989419795,234.007706,0.085012,19.427433,15.021038,11,6,10,128073,54.123788578842
2012,12025,4,13,0,0,1,10,0,0,229,189,230,0,52,111.708931,0.459621,23021.876651046,103.044029,0.041187,10.881496,8.413431,11,4,10,128074,51.343770575151
2012,12025,4,14,0,0,1,10,0,0,199,166,215,0,52,128.606812,0.32866,19199.1723581513,74.642906,0.031103,8.915012,6.892972,11,3,10,128075,42.26791483192
2012,12026,2,8,0,0,2,100,0,0,25,0,23,0,7,1039.379028,0,1686.00686331061,0.811065,0.000491,NA,NA,4,0,10,451853,0
2012,12026,3,1,0,0,1,100,0,0,157,122,166,57,29,206.619247,0.137083,23005.1832492646,55.670475,0.019359,7.137797,4.21725,6,3,10,128086,28.323986236501
2012,12026,3,3,0,0,1,100,0,0,88,70,124,32,29,657.6651,0.020747,16224.5644760799,12.334974,0.006082,3.154641,1.863868,6,1,10,128088,13.6445778297
2012,12026,3,4,0,0,1,100,0,1,127,110,160,70,29,315.764038,0.095896,23425.595212735,37.093513,0.012668,5.130315,3.031163,6,2,10,128089,30.280508188048
2012,12026,3,5,0,0,1,100,0,0,87,69,123,68,29,672.870667,0.019433,16166.8414686889,12.013335,0.005945,3.113408,1.839506,6,1,10,128090,13.075895671811
2012,12026,3,6,0,0,1,100,0,0,117,92,146,73,29,372.047485,0.06162,20890.7948006793,28.075441,0.010751,4.555402,2.691485,6,2,10,128091,22.9255660257
2012,12026,3,7,0,0,1,100,0,0,147,114,161,41,29,235.686905,0.114648,22400.2752610185,47.521255,0.016972,6.421512,3.794045,6,2,10,128092,27.02103228444
2012,12026,3,8,0,0,1,100,0,0,195,154,172,52,29,133.937103,0.231517,24086.1465690365,89.915886,0.029865,10.28945,6.079352,6,3,10,128093,31.008716275251
2012,12026,3,10,0,0,1,100,0,1,138,108,157,39,29,267.431122,0.098137,22037.3858869232,41.201984,0.014957,5.817147,3.436965,6,2,10,128094,26.244888019714
2012,12026,3,11,0,0,1,100,0,0,128,100,152,48,29,310.849457,0.079428,21467.3315764511,34.530109,0.012868,5.190398,3.066662,6,2,10,128095,24.690150670596
2012,12026,4,4,0,0,1,100,0,0,175,157,163,44,32,166.30069,0.2081,24735.7482265618,74.370552,0.024053,8.545862,6.616563,7,3,10,128099,34.607173589
2012,12028,1,8,0,0,2,100,2,0,134,117,93,37,50,283.635437,0.082412,15195.6573521837,26.787304,0.014103,NA,NA,10,2,10,128112,23.374963634044
2012,12028,1,10,0,0,2,100,0,0,97,81,124,25,50,541.285767,0.034583,16746.0035174172,15.468727,0.00739,NA,NA,10,1,10,128114,18.719285680161
2012,12028,1,12,0,0,2,100,0,0,79,64,108,41,50,816.04834,0.01185,15707.1654324406,9.623919,0.004902,NA,NA,10,1,10,128116,9.670172829
2012,12028,1,15,0,0,2,100,0,0,151,118,154,70,50,223.365585,0.11818,21697.9100558089,48.570396,0.017908,NA,NA,10,3,10,128119,26.3973448353
2012,12028,2,6,0,0,1,100,0,0,755,669,380,115,225,9.571067,10.179555,64419.9404679897,3365.3479,0.447698,135.639282,174.852295,37,15,10,128122,97.429202935185
2012,12028,3,8,0,0,1,100,0,1,292,120,242,72,50,59.73164,0.364196,21245.7065520174,177.842987,0.066966,21.419903,53.677097,10,5,10,128127,21.75402436144
2012,12028,4,1,0,0,1,100,0,1,101,81,160,52,35,499.260681,0.045365,22866.8491384884,22.900711,0.008012,3.73356,1.944283,7,2,10,128128,22.648960793565
2012,12028,4,8,0,0,1,100,0,1,87,69,143,66,35,672.870667,0.021796,16166.8414686889,12.013335,0.005945,3.113408,1.621334,7,1,10,128134,14.665889057932
2012,12028,4,9,0,0,1,100,0,0,15,0,18,0,4,1039.379028,0,643.934804249064,0.309769,0.000177,1.383015,0.720217,4,0,10,451865,0
2012,12028,4,10,0,0,1,100,0,0,25,0,24,0,4,2078.758057,0,3372.01372824335,0.811065,0.000491,1.477262,0.769297,4,0,10,451866,0
2012,12030,1,6,0,0,1,100,0,0,394,321,275,100,110,32.807842,1.653284,38123.6975906874,581.015015,0.121922,37.906704,35.225399,22,7,10,128138,54.240680253128
2012,12030,1,7,0,0,1,100,0,0,202,159,282,163,110,124.81517,0.3986,35898.485334822,143.80658,0.032047,10.944239,10.170104,22,4,10,128139,49.751326762
2012,12030,1,8,0,0,1,100,0,0,485,356,384,91,110,21.65143,3.038044,45321.5016950595,1046.616821,0.184746,56.753719,52.739281,22,9,10,128140,65.77799700292
2012,12030,1,9,0,0,1,100,0,0,405,325,336,248,110,31.049891,2.079346,44234.7428038005,712.3172,0.128825,39.97757,37.149784,22,8,10,128141,64.563466651286
2012,12030,1,10,0,0,1,100,0,0,453,364,342,180,110,24.818394,2.68095,45403.8642762282,914.722046,0.161171,49.681351,46.167171,22,9,10,128142,66.5368733943
2012,12030,1,11,0,0,1,100,0,1,372,298,331,144,110,36.803085,1.711197,43299.8852725994,588.264343,0.108687,33.936039,31.535595,22,7,10,128143,62.977328642745
2012,12030,2,4,0,0,1,100,0,0,755,564,419,75,110,8.934623,8.699519,50991.5599736858,2853.593262,0.447698,135.639282,367.709625,22,15,10,128144,77.726922546337
2012,12030,2,5,0,0,1,100,0,0,488,372,296,73,110,21.386044,2.537828,38319.5694995469,895.901306,0.187038,57.441494,155.720291,22,9,10,128145,54.274101272432
2012,12030,2,6,0,0,1,100,0,0,374,301,352,140,110,36.410519,1.849654,45736.0920691314,628.061523,0.109859,34.287586,92.9515,22,7,10,128146,67.346862110426
2012,12030,2,9,0,0,2,100,0,0,10,0,14,0,7,3183.0979,0,1028.5066779585,0.161558,7.9e-05,NA,NA,4,0,10,451869,0
2012,12030,2,10,0,0,2,100,0,0,15,0,16,0,7,2078.758057,0,1287.86960911767,0.309769,0.000177,NA,NA,4,0,10,451870,0
2012,12030,3,1,0,0,1,100,0,1,154,120,200,120,67,214.747787,0.15698,26767.3420632917,62.322742,0.018627,6.917964,4.780653,14,3,10,128148,33.71110760326
2012,12030,3,4,0,0,1,100,0,0,319,234,264,88,67,50.048229,0.883943,33002.1180569732,329.703156,0.079923,25.306927,17.488331,14,6,10,128150,44.239781686947
2012,12030,3,6,0,0,1,100,0,1,128,100,184,39,67,310.849457,0.094784,25048.1761954376,40.289883,0.012868,5.190398,3.58682,14,2,10,128151,29.463554932288
2012,12030,3,7,0,0,1,100,0,1,87,69,146,82,67,672.870667,0.022168,16166.8414686889,12.013335,0.005945,3.113408,2.151518,14,1,10,128152,14.916196946056
2012,12030,3,9,0,0,1,10,0,0,553,332,314,0,67,16.654051,2.252569,17891.6612603202,537.156433,0.240182,49.685558,34.335163,14,11,10,128154,37.514399007019
2012,12030,3,11,0,0,1,100,0,0,394,309,257,88,67,32.807842,1.469589,34720.4566768774,529.148743,0.121922,37.906704,26.195398,14,7,10,128155,48.214043716938
2012,12030,3,12,0,0,1,10,0,0,586,439,319,0,67,14.83115,3.486169,24960.9376921432,841.503784,0.269703,55.442131,38.313236,14,11,10,128156,51.70389536435
2012,12030,3,13,0,0,1,10,0,0,425,329,290,0,67,28.196306,1.786492,23611.7095239015,418.702179,0.141863,30.51326,21.086163,14,8,10,128157,50.372475098552
2012,12030,3,14,0,0,1,100,0,1,207,161,222,116,67,118.858269,0.327686,29408.3751557881,123.711945,0.033654,11.426082,7.895984,14,4,10,128158,38.948190735534
2012,12030,4,7,0,0,1,10,1,0,223,188,220,0,55,102.414238,0.459231,20022.1382769136,97.750755,0.039057,10.466145,6.272622,11,4,10,128164,47.031792930978
2012,12030,4,8,0,0,1,10,0,0,637,475,342,0,85,12.551373,4.356239,26008.7982384375,1036.09375,0.318691,64.994743,38.952976,17,12,10,128165,54.676780566147
2012,12030,4,9,0,0,1,10,0,0,116,101,147,0,55,378.489777,0.074749,16758.6477153183,22.138838,0.010568,4.910827,2.943182,11,2,10,128166,28.291732340973
2012,12030,4,10,0,0,1,10,0,0,509,389,326,0,85,19.657784,2.796026,25648.9592096407,652.386841,0.203482,42.52903,25.488712,17,10,10,128167,54.963675166384
2012,12030,4,13,0,0,1,10,0,0,447,297,315,0,85,25.489134,1.713485,20017.3649343264,392.664673,0.15693,33.451344,20.048227,17,8,10,128169,43.67524877199
2012,12030,4,14,0,0,1,100,0,1,312,235,296,84,85,52.319176,0.974947,36977.1843834841,353.380798,0.076454,24.266191,14.543336,17,6,10,128170,51.008423683672
2012,12031,1,1,0,0,1,100,0,0,599,541,364,106,175,14.194383,6.120122,57335.3754108542,2019.650146,0.281802,85.870689,212.801163,35,11,10,128172,86.871355674726
2012,12031,1,6,0,0,1,100,0,0,484,364,367,104,175,21.740993,2.99882,44878.2768602899,1032.111938,0.183985,56.525394,140.078857,35,9,10,128174,65.19732462826
2012,12031,1,7,0,0,2,100,0,0,10,0,14,0,7,3183.0979,0,1028.5066779585,0.161558,7.9e-05,NA,NA,4,0,10,451873,0
2012,12031,1,8,0,0,2,100,0,0,15,0,16,0,7,1039.379028,0,643.934804249064,0.309769,0.000177,NA,NA,4,0,10,451874,0
2012,12031,1,9,0,0,2,100,0,0,25,0,23,0,7,1039.379028,0,1686.00686331061,0.811065,0.000491,NA,NA,4,0,10,451875,0
2012,12031,1,10,0,0,2,100,0,0,65,0,67,0,28,1039.379028,0,12861.349888383,6.187036,0.003318,NA,NA,6,1,10,451876,0
2012,12031,2,4,0,0,1,20,0,0,656,562,337,0,165,12.080681,5.829371,31042.8228623112,1284.812622,0.337986,102.395767,382.345825,33,13,10,128175,70.422771481651
2012,12031,2,5,0,0,1,100,0,0,911,647,371,111,165,7.319746,10.956121,51692.2678426707,3531.015137,0.65182,196.875992,735.13501,33,18,10,128176,80.196022865266
2012,12031,2,6,0,0,2,100,0,0,10,0,14,0,7,4024.893066,0,1300.50332302059,0.161558,7.9e-05,NA,NA,4,0,10,451877,0
2012,12031,2,7,0,0,2,100,0,0,15,0,16,0,7,4024.893066,0,2493.57420032351,0.309769,0.000177,NA,NA,4,0,10,451878,0
2012,12031,2,8,0,0,2,100,0,0,25,0,23,0,7,4024.893066,0,6528.89576425751,0.811065,0.000491,NA,NA,4,0,10,451879,0
2012,12031,3,3,0,0,1,10,0,0,267,217,240,0,42,71.441017,0.636924,20585.7504094141,144.07515,0.05599,13.768124,14.34608,9,5,10,128177,45.502498311708
2012,12031,3,4,0,0,1,10,0,0,483,366,284,0,42,21.831112,2.174714,23084.6554116089,528.710022,0.183225,38.578911,40.198368,9,9,10,128178,47.476424901968
2012,12031,3,5,0,0,1,10,0,0,211,175,216,0,42,114.394516,0.36853,19196.4893925649,83.904762,0.034967,9.668524,10.074388,9,4,10,128179,42.15781098148
2012,12031,3,8,0,0,1,10,0,0,295,237,250,0,42,58.522934,0.794833,21148.0055006847,180.681351,0.068349,16.178139,16.857262,9,5,10,128180,46.515959200022
2012,12031,3,9,0,0,1,10,0,0,394,361,280,0,42,32.807842,1.929483,29162.4710430773,444.443604,0.121922,26.624859,27.742512,9,7,10,128181,63.302173405686
2012,12031,3,10,0,0,1,10,0,0,410,318,277,0,42,30.297192,1.59577,22858.9946823361,377.246094,0.132026,28.595018,29.795376,9,8,10,128182,48.34735007784
2012,12031,3,11,0,0,1,10,0,0,339,268,262,0,42,44.317043,1.069928,21864.2354168357,246.679764,0.090259,20.450495,21.308962,9,6,10,128183,47.416045182904
2012,12031,3,12,0,0,1,10,0,0,274,222,243,0,42,67.837372,0.675825,20747.2325424242,152.9189,0.058965,14.348112,14.950414,9,5,10,128184,45.8461919319
2012,12031,3,13,0,0,1,10,0,0,265,215,240,0,42,72.523445,0.625903,20504.1914227657,141.362503,0.055155,13.605167,14.176282,9,5,10,128185,45.392641795835
2012,12031,3,14,0,0,1,10,0,0,209,174,215,0,42,116.594345,0.361827,19229.2764109531,82.462303,0.034307,9.539877,9.94034,9,4,10,128186,42.186982068315
2012,12031,4,3,0,0,1,100,0,0,257,210,244,52,47,90.707443,0.605516,39233.1614963973,216.262085,0.051875,16.892464,22.569923,10,5,10,128187,54.924808055588
2012,12031,4,4,0,0,1,100,0,2,265,208,253,0,47,72.523445,0.631735,33369.6841244594,230.061356,0.055155,17.876411,23.884571,10,5,10,128188,45.815598527075
2012,12031,4,5,0,0,1,100,0,0,272,216,261,75,47,92.702103,0.698744,46586.498618752,251.269913,0.058107,18.762112,25.067951,10,5,10,128189,64.775038258632
2012,12031,4,7,0,0,1,100,0,1,184,144,228,75,47,162.454346,0.263908,32391.8885287061,99.695358,0.026591,9.307151,12.43523,10,3,10,128190,42.873001544168
2012,12031,4,8,0,0,1,100,0,1,182,142,227,81,47,153.754333,0.255596,29821.7410047646,96.978539,0.026016,9.134677,12.20479,10,3,10,128191,39.298992497468
2012,12031,4,9,0,0,2,10,0,0,10,0,14,0,5,2777.430908,0,1526.86208993301,0.27487,7.9e-05,NA,NA,4,0,10,451882,0
2012,12031,4,10,0,0,2,100,0,0,10,0,14,0,7,4024.893066,0,1300.50332302059,0.161558,7.9e-05,NA,NA,4,0,10,451883,0
2012,12297,2,1,0,0,1,100,0,0,342,269,262,157,60,43.542953,1.116573,34997.4969878165,401.87326,0.091864,28.889059,29.07362,12,6,10,129893,48.618885660069
2012,12297,2,3,0,0,1,10,0,0,337,249,266,0,57,44.844612,0.973929,19910.4630453426,221.993927,0.089197,20.243435,20.372763,12,6,10,129894,43.675468120548
2012,12297,2,4,0,0,1,100,0,1,130,101,192,100,60,301.35849,0.10154,25855.2189035119,42.897778,0.013273,5.311978,5.345914,12,2,10,129895,30.5999410746
2012,12297,2,7,0,0,1,10,0,0,289,233,252,0,57,60.978172,0.773397,21280.1147796295,174.489609,0.065597,15.641491,15.74142,12,5,10,129896,47.160335290284
2012,12297,2,8,0,0,1,100,0,0,221,154,255,105,60,104.276291,0.369486,30767.1480265534,147.527054,0.03836,12.837916,12.919934,12,4,10,129897,38.528629656426
2012,12297,2,9,0,0,1,100,0,0,381,297,258,100,60,35.084892,1.363157,34536.375780849,492.183014,0.114009,35.532837,35.759846,12,7,10,129898,47.826216124044
2012,12297,2,10,0,0,1,100,0,0,302,237,256,94,60,55.841396,0.839362,33980.631255024,304.260223,0.071632,22.819485,22.965269,12,6,10,129899,46.871145829352
2012,12297,2,11,0,0,1,100,0,1,208,162,232,116,60,117.718147,0.345944,30507.4150758897,129.578217,0.03398,11.523864,11.597486,12,4,10,129900,40.723886645768
2012,12297,3,10,0,0,1,100,0,0,264,176,154,44,48,73.073898,0.326359,19859.1787526618,135.884216,0.054739,17.75177,32.567608,10,5,10,129901,23.848324277382
2012,12297,3,12,0,0,1,100,0,0,183,142,142,84,48,152.078552,0.165712,20359.010335736,66.935837,0.026302,9.220677,16.916363,10,3,10,129902,25.201241009024
2012,12297,3,13,0,0,1,100,0,0,164,128,136,40,48,189.357437,0.126609,19650.5061047931,51.887337,0.021124,7.667235,14.066401,10,3,10,129903,23.974355741133
2012,12297,3,14,0,0,1,100,0,0,261,124,160,60,48,74.763405,0.241832,16782.3914544129,112.236671,0.053502,17.380671,31.886786,10,5,10,129904,18.08018375796
2012,12297,4,5,0,0,1,10,0,0,259,245,208,0,43,75.922516,0.650974,23541.2487548429,155.034698,0.052685,13.123655,24.943577,9,5,10,129905,49.423583930584
2012,12297,4,7,0,0,1,100,0,0,157,122,151,71,43,206.619247,0.125667,21311.4955284341,51.571903,0.019359,7.137797,13.56651,9,3,10,129906,25.965220912749
2012,12297,4,8,0,0,1,100,0,0,205,168,151,52,43,121.188766,0.239064,22267.165330666,91.869759,0.033006,11.23193,21.348053,9,4,10,129907,28.971871155024
2012,12297,4,9,0,0,1,100,0,0,172,127,175,75,43,172.152451,0.164356,23419.1770022409,68.018715,0.023235,8.300582,15.776567,9,3,10,129908,28.294288236556
2012,12298,1,2,0,0,1,110,0,0,789,636,319,141,155,8.181183,8.223118,39958.3638318124,2442.0896,0.488928,194.236542,127.57122,31,15,10,129910,67.274833188594
2012,12298,1,3,0,0,1,110,0,0,932,741,326,76,155,5.863248,11.822552,41755.9337003267,3560.819336,0.682217,270.585785,177.71608,31,18,10,129911,69.318554368896
2012,12298,2,2,0,0,1,100,0,0,716,251,380,82,125,9.934455,3.034514,20180.8994233672,1015.702393,0.40264,122.122017,186.740479,25,14,10,129919,30.14624277987
2012,12298,2,3,0,0,1,100,0,0,910,742,392,144,145,6.150173,13.93164,55704.5132636091,4528.694824,0.65039,196.446915,300.392944,29,18,10,129920,85.68199617372
2012,12298,2,7,0,0,1,100,0,0,836,681,389,124,125,7.287147,11.468678,54929.7739887764,3768.949219,0.548913,166.003876,253.841568,25,16,10,129922,83.573942481666
2012,12298,2,8,0,0,2,100,0,0,10,0,14,0,7,4024.893066,0,1300.50332302059,0.161558,7.9e-05,NA,NA,4,0,10,452397,0
2012,12298,2,9,0,0,2,100,0,0,15,0,16,0,7,1039.379028,0,643.934804249064,0.309769,0.000177,NA,NA,4,0,10,452398,0
2012,12298,4,4,0,0,1,110,0,0,762,604,214,62,155,8.93056,5.19423,31860.2219446541,1783.775146,0.456038,181.244934,114.344063,31,15,10,129936,46.3873826688
2012,12298,4,11,0,0,1,110,0,0,543,437,204,95,156,22.398129,2.43406,37742.5862885412,842.538818,0.231574,92.581879,58.408188,32,10,10,129943,54.51838987374
2012,12302,3,12,0,0,2,100,0,0,10,0,14,0,7,4024.893066,0,1300.50332302059,0.161558,7.9e-05,NA,NA,4,0,10,452403,0
2012,12303,1,5,0,0,1,100,0,0,192,133,166,106,55,138.155334,0.183999,21694.8186321827,78.516037,0.028953,10.015896,7.659989,11,3,10,129962,25.420443300666
2012,12303,1,6,0,0,1,100,0,2,124,97,155,0,55,331.227783,0.074897,21836.1144182016,32.962383,0.012076,4.952893,3.78789,11,2,10,129963,24.807967263351
2012,12303,1,9,0,0,1,100,0,0,209,162,190,73,55,116.594345,0.287288,25891.1302994824,111.030815,0.034307,11.622117,8.888401,11,4,10,129966,33.49615618636
2012,12304,2,9,0,0,2,10,0,0,110,95,81,0,15,420.90564,0.036984,11623.4157377269,13.807627,0.009503,NA,NA,4,2,10,129989,15.56677418976
2012,12304,2,10,0,0,2,10,0,0,139,117,92,0,15,263.597046,0.069126,11561.1605682671,21.929609,0.015175,NA,NA,4,2,10,129990,18.221409401796
2012,12304,2,13,0,0,2,10,0,0,65,0,47,0,18,1039.379028,0,9836.29959013067,4.731815,0.003318,NA,NA,4,1,10,452413,0
2012,12304,3,12,0,0,1,100,0,1,298,251,198,106,70,57.350548,0.703015,29314.7742466979,255.575363,0.069747,22.253998,12.225607,14,5,10,130003,40.31829550222
2012,12307,1,2,0,0,1,20,0,0,262,198,265,0,85,74.193787,0.620149,19913.1116227378,134.196625,0.053913,17.173899,11.547708,17,5,10,130004,46.011202814263
2012,12307,1,3,0,0,1,20,0,0,286,218,274,0,85,62.264137,0.772911,21093.1868235733,169.38472,0.064243,20.272774,13.631387,17,5,10,130005,48.124636392807
2012,12307,1,6,0,0,1,100,0,0,465,353,239,119,85,23.553974,1.866161,31997.0328524429,679.227905,0.169823,52.276936,35.150944,17,9,10,130006,43.955507673814
2012,12307,1,7,0,0,1,100,0,1,153,119,180,118,85,217.564117,0.139728,24558.8842446687,56.440567,0.018385,6.845627,4.602991,17,3,10,130007,30.399798940176
2012,12307,1,11,0,0,1,20,0,0,260,197,265,0,85,75.339622,0.613006,19954.5040412403,132.430344,0.053093,16.92791,11.382304,17,5,10,130008,46.183640323732
2012,12307,1,12,0,0,1,20,0,0,374,282,297,0,85,36.410519,1.401881,23214.4148779346,318.787201,0.109859,33.957584,22.833036,17,7,10,130009,51.043214786239
2012,12307,1,14,0,0,1,20,0,0,209,160,242,0,85,116.594345,0.366337,18107.8067079099,77.653023,0.034307,11.292117,7.592805,17,4,10,130010,42.712822564265
2012,12307,1,15,0,0,1,100,0,0,335,261,226,122,85,45.381668,0.917286,30747.8057079257,338.769012,0.088142,27.772453,18.674162,17,6,10,130011,41.627968713048
2012,12307,1,16,0,0,1,20,0,0,451,338,310,0,85,25.039001,2.095952,24314.6274584802,485.535095,0.159751,48.925343,32.897339,17,9,10,130012,52.480544223952
2012,12307,1,17,0,0,1,100,0,1,90,71,135,85,70,628.760193,0.023931,16340.1425581803,12.993938,0.006362,3.238522,2.177578,14,1,10,130013,15.046860178683
2012,12307,1,19,0,0,1,20,0,0,280,213,272,0,85,64.961205,0.73347,20814.5490473594,160.207535,0.061575,19.472609,13.093357,17,5,10,130014,47.64709503135
2012,12307,2,1,0,0,1,100,0,0,162,128,271,136,100,194.061798,0.240117,34497.688554785,88.883255,0.020612,7.513611,5.338005,20,3,10,130015,46.597536750366
2012,12307,2,8,0,0,1,100,0,1,257,205,319,137,100,77.108788,0.759244,40650.7985810221,263.593811,0.051875,16.892464,12.001161,20,5,10,130017,58.544384636272
2012,12307,2,9,0,0,1,100,0,0,603,490,374,132,100,17.663824,5.442008,64288.3715047274,1819.775024,0.285578,87.003548,61.811207,20,12,10,130018,96.126671518592
2012,12307,2,11,0,0,1,100,0,0,365,293,346,297,100,38.228245,1.722213,44894.8411976701,587.194641,0.104635,32.720478,23.24609,20,7,10,130020,65.837180506185
2012,12307,2,12,0,0,1,100,0,0,457,350,377,164,100,24.385841,2.798328,46627.5378847332,956.037109,0.16403,50.539001,35.905163,20,9,10,130021,68.239581673848
2012,12307,2,13,0,0,1,100,0,0,495,380,350,141,100,20.785463,3.094868,44264.9980565341,1064.806641,0.192443,59.06279,41.960846,20,9,10,130022,64.328264303884
2012,12307,2,14,0,0,1,100,0,0,555,450,370,93,100,16.534237,4.500474,49927.8210897216,1509.831421,0.241923,73.906853,52.506729,20,11,10,130023,74.411903728338
2012,12307,2,15,0,0,1,100,0,0,552,448,370,248,100,18.366562,4.455315,54896.111320657,1494.458008,0.239315,73.124352,51.950806,20,11,10,130024,81.82881917703
2012,12307,2,17,0,0,2,100,0,0,10,0,14,0,7,4024.893066,0,1300.50332302059,0.161558,7.9e-05,NA,NA,4,0,10,452415,0
2012,12307,3,1,0,0,1,100,0,1,125,98,216,109,100,325.94931,0.104646,28566.975569403,43.821194,0.012272,5.011562,4.156505,20,2,10,130026,34.10929149426
2012,12307,3,8,0,0,1,100,0,1,222,175,270,132,100,103.338974,0.467171,34882.9303506247,168.77916,0.038708,12.942296,10.734121,20,4,10,130030,48.276971822554
2012,12307,3,9,0,0,1,100,0,1,203,142,272,76,100,123.588501,0.329105,32490.5373335384,131.446442,0.032366,11.039663,9.156111,20,4,10,130031,40.673593621605
2012,12307,3,12,0,0,1,100,0,1,215,164,260,134,100,110.177559,0.401862,33056.3476034843,150.013977,0.036305,12.221535,10.136333,20,4,10,130033,44.276174214858
2012,12307,3,11,0,0,2,100,0,1,95,89,132,84,100,564.316711,0.043861,16629.8564925762,14.734507,0.007088,NA,NA,20,1,10,130032,24.751495261171
2012,12307,4,1,0,0,1,100,0,0,189,148,245,137,100,142.576035,0.299741,31836.841806717,111.648643,0.028055,9.746581,7.585062,20,3,10,130035,42.735883306935
2012,12307,4,3,0,0,1,100,0,0,142,111,218,179,100,252.576767,0.14246,28711.9440963596,56.838055,0.015837,6.081042,4.732437,20,2,10,130036,35.98208622682
2012,12307,4,5,0,0,1,100,0,0,331,214,287,148,100,46.485138,0.875456,31860.1656858147,342.691956,0.086049,27.144762,21.124811,20,6,10,130037,40.695692972928
2012,12307,4,11,0,0,1,100,0,0,310,245,280,89,100,52.996441,0.975724,36819.5135368911,347.377228,0.075477,23.973082,18.656521,20,6,10,130041,51.709899398284
2012,12307,4,12,0,0,1,100,0,0,213,149,240,123,100,112.256348,0.324603,29366.4566363836,130.800873,0.035633,12.019844,9.354178,20,4,10,130042,36.438747329844
2012,12307,4,14,0,0,1,100,0,0,342,270,285,173,100,43.542953,1.21661,37586.349310902,431.60083,0.091864,28.889059,22.482271,20,6,10,130043,52.97479204933
2012,12572,3,1,0,0,1,100,0,0,224,175,248,136,55,101.501869,0.433005,32389.7240656955,159.552353,0.039408,13.15247,6.877608,11,4,10,132395,43.950816786345
2012,12572,3,2,0,0,1,100,0,0,137,107,208,20,55,271.349487,0.125167,27631.6140475789,50.915176,0.014741,5.752351,3.007984,11,2,10,132396,33.964001239329
2012,12572,3,3,0,0,1,100,0,0,192,150,237,98,55,138.155334,0.299233,30974.5793733761,112.100555,0.028953,10.015896,5.23745,11,3,10,132397,41.340635058822
2012,12572,3,4,0,0,1,100,0,0,344,267,260,102,55,43.038113,1.101703,34373.1780512519,399.334167,0.092941,29.212326,15.275529,11,6,10,132398,47.415218206439
2012,12572,3,5,0,0,1,100,0,0,117,91,192,129,55,372.047485,0.07781,25949.25881232,34.873585,0.010751,4.555402,2.382083,11,2,10,132399,28.94901480785
2012,12572,3,6,0,0,1,100,0,0,171,134,228,167,55,174.171814,0.225775,29928.5889770499,85.916855,0.022966,8.219765,4.298228,11,3,10,132400,39.32364130585
2012,12572,3,8,0,0,1,100,0,0,245,196,280,126,55,84.847282,0.607652,36539.5642951635,215.325485,0.047144,15.473089,8.091092,11,4,10,132402,51.557620601864
2012,12572,3,9,0,0,1,100,0,0,206,161,242,101,55,120.015045,0.354668,31618.6572922101,131.72789,0.033329,11.32877,5.92397,11,4,10,132403,42.56549598006
2012,12572,3,10,0,0,1,100,0,0,296,233,266,85,55,58.12817,0.838566,35089.4047550155,301.827881,0.068814,21.974083,11.490552,11,5,10,132404,48.74430700422
2012,12572,3,12,0,0,1,100,0,0,140,109,210,75,55,259.844818,0.132213,27805.4672687339,53.503986,0.015394,5.948152,3.110371,11,2,10,132406,34.354862922234
2012,12572,3,14,0,0,2,100,0,0,10,0,14,0,7,3183.0979,0,1028.5066779585,0.161558,7.9e-05,NA,NA,4,0,10,453172,0
2012,12575,1,6,0,0,1,100,0,1,120,94,152,100,28,353.677673,0.067842,21527.7983153653,30.434206,0.01131,4.722928,4.173244,6,2,10,132408,23.994200691666
2012,12575,3,16,0,0,1,100,0,0,10,0,16,0,4,3183.0979,0,1028.5066779585,0.161558,7.9e-05,1.353562,0.497933,4,0,10,453178,0
2012,12575,4,1,0,0,1,10,0,0,243,192,240,0,37,86.249695,0.506924,19426.4106372144,112.617271,0.046377,11.893532,13.504273,8,4,10,132420,43.72204038818
2012,12575,4,7,0,0,1,10,0,0,297,239,259,0,37,57.737404,0.836831,21701.132225758,187.929581,0.069279,16.359472,18.575039,8,5,10,132421,48.316449526724
2012,12575,4,8,0,0,1,10,0,0,196,164,220,0,37,132.573883,0.327747,19540.3214109814,73.695969,0.030172,8.733524,9.916306,8,3,10,132422,43.450692431601
2012,12575,4,9,0,0,1,10,0,0,228,189,235,0,37,97.971649,0.468717,20404.4809767484,104.134621,0.040828,10.811504,12.275708,8,4,10,132423,45.920977404333
2012,12575,4,10,0,0,1,10,0,0,131,114,174,0,37,296.775146,0.117259,18123.8192622275,30.534597,0.013478,5.478258,6.22018,8,2,10,132424,34.799556844814
2012,12575,4,11,0,0,1,10,0,0,302,243,260,0,37,55.841396,0.868088,21822.7810923684,195.399673,0.071632,16.818165,19.095852,8,6,10,132425,48.475245770848
2012,12575,4,12,0,0,1,10,0,0,258,211,247,0,37,76.512207,0.618276,21026.7747002772,137.407974,0.052279,13.044476,14.81109,8,5,10,132426,47.305661295132
2012,12575,4,13,0,0,1,10,0,0,229,189,237,0,37,97.117867,0.473861,20391.4993012806,104.983253,0.041187,10.881496,12.355179,8,4,10,132427,46.020369574487
2012,12578,1,9,0,0,1,100,0,1,129,111,172,95,40,306.048828,0.105553,24766.0612239004,40.460964,0.01307,5.250952,32.674526,8,2,10,132429,32.304371941884
2012,12578,1,5,0,0,9,100,0,0,131,102,164,122,40,296.775146,0.089624,22784.0971863742,38.386127,0.013478,NA,NA,8,2,10,132428,26.598175685104
2012,12579,1,4,0,0,1,100,0,0,243,189,223,103,67,86.249695,0.461247,29773.4352513567,172.600235,0.046377,15.243125,36.361053,14,4,10,132450,39.782413069665
2012,12579,1,6,0,0,1,100,0,0,260,241,231,141,67,75.339622,0.706123,35409.111914061,234.996613,0.053093,17.257912,41.167137,14,5,10,132452,53.199039905506
2012,12579,1,8,0,0,1,100,0,1,134,111,143,85,67,283.635437,0.091258,20974.5671415887,36.974518,0.014103,5.560793,13.264752,14,2,10,132453,25.884002709746
2012,12579,1,9,0,0,2,100,0,0,10,0,14,0,7,4024.893066,0,1300.50332302059,0.161558,7.9e-05,NA,NA,4,0,10,453184,0
2012,12579,2,4,0,0,1,100,0,0,371,272,274,140,67,37.001755,1.25551,34147.0799992432,461.42514,0.108103,33.760971,31.825947,14,7,10,132454,46.45607342005
2012,12579,2,7,0,0,1,100,0,0,392,283,284,115,67,33.143471,1.42776,34695.3395893391,523.411377,0.120688,37.536312,35.384903,14,7,10,132456,47.32092215496
2012,12579,2,10,0,0,1,100,0,1,387,306,280,89,67,34.005424,1.553019,37463.4169655931,550.844727,0.117629,36.618572,34.51976,14,7,10,132457,52.811069575056
2012,12579,2,13,0,0,1,100,0,0,311,245,268,99,67,52.656181,0.937478,35449.4883102471,336.612793,0.075965,24.1194,22.736988,14,6,10,132458,49.364011251518
2012,12579,2,14,0,0,1,100,0,1,125,98,194,100,67,325.94931,0.094501,26193.5926180021,40.18047,0.012272,5.011562,4.724322,14,2,10,132459,30.80253574431
2012,12579,2,15,0,0,1,100,0,0,545,432,295,116,67,17.146563,3.378292,40361.5315769075,1176.956909,0.233283,71.315033,67.227577,14,10,10,132460,57.926096610396
2012,12579,2,16,0,0,1,100,0,1,478,379,290,154,67,22.29022,2.516245,39344.9266119831,882.560303,0.179451,55.165394,52.003563,14,9,10,132461,56.0876546239
2012,12579,2,17,0,0,2,100,0,0,10,0,14,0,7,4024.893066,0,1300.50332302059,0.161558,7.9e-05,NA,NA,4,0,10,453187,0
2012,12579,2,18,0,0,2,100,0,0,15,0,16,0,7,4024.893066,0,2493.57420032351,0.309769,0.000177,NA,NA,4,0,10,453188,0
2012,12579,3,5,0,0,1,100,0,0,397,306,251,138,93,32.313877,1.426383,33493.8305302421,518.25769,0.123786,38.465836,42.113846,19,7,10,132463,46.091964816891
2012,12579,3,6,0,0,1,100,0,0,390,289,290,136,93,33.484276,1.49203,36174.422020783,540.170288,0.119459,37.167801,40.692711,19,7,10,132464,49.95954432028
2012,12579,3,10,0,0,1,100,0,0,448,353,276,121,93,25.375467,2.074894,37333.8509610912,735.628845,0.157633,48.619881,53.230877,19,8,10,132466,52.651404225498
2012,12579,3,12,0,0,1,100,0,0,420,331,273,82,93,28.871645,1.792565,36820.2851701426,637.654785,0.138545,42.893364,46.961273,19,8,10,132467,51.754300319425
2012,12579,3,13,0,0,1,100,0,0,538,425,283,179,93,17.595661,3.145663,38822.1754741053,1103.174683,0.227329,69.528786,76.122734,19,10,10,132468,55.350019768243
2012,12579,3,14,0,0,2,100,0,0,10,0,14,0,7,4024.893066,0,1300.50332302059,0.161558,7.9e-05,NA,NA,4,0,10,453192,0
2012,12579,3,15,0,0,2,100,0,0,15,0,16,0,7,1039.379028,0,643.934804249064,0.309769,0.000177,NA,NA,4,0,10,453193,0
2012,12579,4,4,0,0,1,100,0,1,234,186,188,86,93,93.011871,0.373125,26281.3715797589,141.279663,0.043005,14.231608,24.634787,19,4,10,132470,34.705054366875
2012,12579,4,5,0,0,1,100,0,0,466,361,287,128,93,23.452993,2.285956,37933.7532267026,808.718811,0.170554,52.496296,90.870628,19,9,10,132471,53.612510066308
2012,12579,4,9,0,0,2,100,0,0,86,80,85,37,60,688.609802,0.020916,16109.1765732943,11.696883,0.005809,NA,NA,12,1,10,132473,14.402962618632
2012,12579,4,10,0,0,2,100,0,0,10,0,14,0,7,4024.893066,0,1300.50332302059,0.161558,7.9e-05,NA,NA,4,0,10,453197,0
2012,12581,1,2,0,0,1,10,0,0,354,211,233,0,60,40.640923,0.7236,13407.2939058907,164.948196,0.098423,22.042521,24.688702,12,7,10,132474,29.4077718828
2012,12581,1,7,0,0,1,10,0,0,313,248,233,0,60,51.985405,0.816005,20061.3879996756,192.952118,0.076945,17.854244,19.997627,12,6,10,132475,42.420350407025
2012,12581,1,10,0,0,1,10,0,2,402,311,253,0,60,31.515049,1.398391,21443.2402110233,340.20636,0.126924,27.600138,30.913504,12,8,10,132476,44.070360886159
2012,12581,1,11,0,0,1,10,0,0,455,347,262,0,60,24.600691,1.80547,21949.5251099507,446.116028,0.162597,34.556503,38.704971,12,9,10,132477,44.41580957977
2012,12581,1,12,0,0,1,10,0,0,380,295,249,0,60,35.269794,1.239129,21103.9968340167,299.179474,0.113412,24.965292,27.962347,12,7,10,132478,43.703824569426
2012,12581,1,13,0,0,1,10,0,0,405,313,254,0,60,31.049891,1.422312,21494.2832566633,346.124939,0.128825,27.970921,31.3288,12,8,10,132479,44.162632567992
2012,12581,1,14,0,0,1,10,0,0,255,207,214,0,60,78.323082,0.517027,18981.0328817864,121.171387,0.051071,12.808773,14.346452,12,5,10,132480,40.495148117214
2012,12581,1,15,0,0,1,10,0,0,331,261,238,0,60,46.485138,0.924077,20414.8801008061,219.585022,0.086049,19.629597,21.986109,12,6,10,132481,42.955846867626
2012,12581,1,16,0,0,1,10,0,0,416,320,256,0,60,29.429537,1.500301,21560.7067736605,366.310669,0.135918,29.354046,32.877968,12,8,10,132482,44.153163790637
2012,12581,1,17,0,0,1,10,0,0,438,315,265,0,60,26.547394,1.56069,20140.2556403198,379.326416,0.150674,32.23148,36.100834,12,8,10,132483,41.43225234186
2012,12581,2,9,0,0,2,100,0,0,25,0,23,0,7,3118.137207,0,5058.0207894537,0.811065,0.000491,NA,NA,4,0,10,453201,0
2012,12581,3,2,0,0,1,100,0,1,385,288,224,102,65,42.527809,1.155728,36659.8071570303,431.009827,0.116416,36.254776,37.606068,13,7,10,132492,49.150579639952
2012,12581,3,5,0,0,1,100,0,0,422,320,246,116,65,39.312206,1.557998,44716.9048870177,568.740723,0.139867,43.29015,44.903664,13,8,10,132493,61.248338323588
2012,12581,3,9,0,0,1,100,0,1,214,166,204,118,65,116.377853,0.323264,28742.9395226551,123.489731,0.035968,12.120452,12.572206,13,4,10,132495,37.620770272192
2012,12581,3,10,0,0,1,20,0,0,506,353,297,0,100,19.891573,2.275231,21438.1865025359,538.876099,0.201091,61.327198,63.612991,20,10,10,132496,45.257923528363
2012,12581,3,12,0,0,2,100,0,0,10,0,14,0,7,4024.893066,0,1300.50332302059,0.161558,7.9e-05,NA,NA,4,0,10,453204,0
2012,12581,3,13,0,0,2,100,0,0,55,0,55,0,16,1039.379028,0,8871.51367683314,4.267699,0.002376,NA,NA,4,1,10,453205,0
2012,12581,4,1,0,0,1,20,0,0,410,290,346,0,62,30.297192,1.772284,23499.9696505861,387.824219,0.132026,40.607719,29.844297,13,8,10,132498,53.695228626528
2012,12581,4,5,0,0,1,20,0,0,345,260,326,0,62,42.788979,1.306771,24182.1872885301,282.574951,0.093482,29.04467,21.346134,13,6,10,132500,55.915396876809
2012,12581,4,8,0,0,1,20,0,0,502,371,367,0,62,20.209833,2.981254,26695.904067831,660.468201,0.197924,60.377171,44.373688,13,10,10,132501,60.250645470582
2012,12581,4,10,0,0,1,100,0,0,252,198,262,146,65,80.199013,0.589009,34239.4497112428,213.46553,0.049876,16.292812,11.974265,13,5,10,132502,47.237940448117
2012,12581,4,11,0,0,1,100,0,0,398,308,314,130,65,32.151703,1.783085,40300.3033033205,626.72113,0.12441,38.653152,28.407806,13,7,10,132503,57.329219343755
2012,12581,4,14,0,0,1,100,0,0,345,272,281,141,65,42.788979,1.220042,37137.4987133988,433.961029,0.093482,29.37467,21.588665,13,6,10,132505,52.204351517118
2012,12581,4,15,0,0,1,100,0,0,392,233,262,126,65,33.143471,1.042967,27328.2786887525,412.27243,0.120688,37.536312,27.586994,13,7,10,132506,34.567546518457
2012,12582,1,1,0,0,1,10,0,0,352,275,230,0,77,41.104069,0.994918,19962.5897371112,242.829849,0.097314,21.826269,22.674404,16,7,10,132508,40.895178121342
2012,12582,1,2,0,0,1,10,0,0,378,265,239,0,77,35.644009,1.025429,17638.2705406718,247.422653,0.112221,24.733112,25.694202,16,7,10,132509,36.550400504861
2012,12582,1,3,0,0,1,20,1,0,288,225,212,0,117,61.402374,0.669338,18706.2722296075,152.325317,0.065144,20.543264,21.341543,24,5,10,132510,41.098942208412
2012,12582,1,4,0,0,1,20,0,0,470,316,268,0,117,23.055492,1.696448,18864.2866758418,409.10614,0.173495,53.048454,55.109833,24,9,10,132511,39.112443292416
2012,12582,1,6,0,0,1,10,0,0,353,276,231,0,77,40.871513,1.005903,20052.1557294646,245.307236,0.097868,21.93424,22.786572,16,7,10,132512,41.112777541239
2012,12582,1,7,0,0,1,20,0,0,273,209,227,0,117,68.335258,0.588309,18645.0231932038,136.423157,0.058535,18.560522,19.281755,24,5,10,132513,40.202247298722
2012,12582,1,10,0,0,1,20,0,0,321,245,241,0,117,49.426521,0.857867,20074.7923576886,203.077133,0.080928,25.278521,26.260805,24,6,10,132514,42.401381290707
2012,12582,1,12,0,0,1,10,0,0,393,219,235,0,77,32.975014,0.832801,12456.000584118,188.870285,0.121304,26.504328,27.534246,16,7,10,132515,27.461624634214
2012,12582,1,13,0,0,1,10,0,0,222,182,191,0,77,103.338974,0.354594,17583.146267183,85.075096,0.038708,10.397992,10.802041,16,4,10,132516,36.643380146556
2012,12582,2,1,0,0,1,10,0,0,208,172,196,0,77,117.718147,0.323138,17966.081910831,76.309738,0.03398,9.476011,6.957614,16,4,10,132517,38.039206585286
2012,12582,2,2,0,0,1,10,0,0,328,241,236,0,77,47.339359,0.816045,18223.5945209558,192.478256,0.084496,19.326813,14.190413,16,6,10,132518,38.631047215155
2012,12582,2,3,0,0,1,20,0,0,446,335,309,0,130,25.603559,2.050719,24318.13969423,474.897644,0.156229,47.868587,35.146767,26,8,10,132519,52.505704908921
2012,12582,2,6,0,0,1,20,0,0,520,387,324,0,130,18.834906,2.864845,24981.6081288016,663.173157,0.212372,64.711639,47.513515,26,10,10,132520,53.95908627957
2012,12582,2,8,0,0,1,10,0,0,341,268,239,0,77,43.798717,0.979238,20493.1988511689,233.947479,0.091327,20.658783,15.168391,16,6,10,132521,42.889368037646
2012,12582,2,9,0,0,1,20,0,0,479,262,338,0,130,22.197245,1.665817,15833.6373619903,356.657715,0.180203,55.060886,40.427601,26,9,10,132522,36.976548074165
2012,12582,2,11,0,0,1,20,0,0,453,340,311,0,130,24.818394,2.125532,24430.4732941558,492.184814,0.161171,49.351349,36.235458,26,9,10,132523,52.752290635608
2012,12582,2,13,0,0,1,20,0,0,435,327,307,0,130,26.914827,1.942239,24176.0002311177,449.120483,0.148617,45.585194,33.470222,26,8,10,132524,52.275026677653
2012,12582,2,14,0,0,1,20,0,0,504,376,321,0,130,20.049753,2.679564,24897.2286791823,620.886169,0.199504,60.851246,44.679085,26,10,10,132525,53.724596347692
2012,12582,2,16,0,0,1,10,0,0,342,269,239,0,77,43.542953,0.986005,20530.2099921136,235.746643,0.091864,20.763388,15.245196,16,6,10,132526,42.933569372765
2012,12582,2,17,0,0,1,20,0,0,617,392,325,0,130,13.378265,3.210791,19760.6805201818,738.536743,0.298993,90.697929,66.593544,26,12,10,132527,42.954812857615
2012,12582,2,19,0,0,1,20,0,0,423,318,304,0,130,28.46357,1.820685,23939.7282139406,420.532776,0.140531,43.159252,31.689013,26,8,10,132528,51.82319494545
2012,12582,3,10,0,0,1,10,0,0,464,292,261,0,77,23.655611,1.445851,16547.2774771718,349.753754,0.169093,35.823223,108.675522,16,9,10,132529,34.202488819961
2012,12582,3,11,0,0,1,20,0,0,504,358,297,0,117,20.049753,2.315612,22025.8406960766,549.279602,0.199504,60.851246,184.602066,24,10,10,132530,46.427448643836
2012,12582,3,12,0,0,1,20,0,0,420,249,283,0,117,28.871645,1.216342,15748.1148997779,272.726318,0.138545,42.563362,129.122818,24,8,10,132531,35.11779442259
2012,12843,1,16,0,0,1,10,0,0,460,350,317,0,94,24.0688,2.21936,24672.7647044256,512.546631,0.166191,35.257172,206.792343,19,9,10,135004,53.417331968
2012,12843,1,19,0,0,1,10,0,0,436,326,280,0,91,26.791508,1.723712,22054.9070671596,411.60257,0.149301,31.96377,187.475693,19,8,10,135005,46.180843837696
2012,12843,1,20,0,0,2,100,0,0,10,0,14,0,7,3183.0979,0,1028.5066779585,0.161558,7.9e-05,NA,NA,4,0,10,453950,0
2012,12843,2,1,0,0,1,20,0,0,298,191,209,0,60,57.350548,0.513592,13671.1547542319,119.1894,0.069747,21.923998,16.17379,12,5,10,135006,29.454782648416
2012,12843,2,3,0,0,1,20,0,0,230,163,211,0,60,96.2752,0.349649,15100.6232103552,78.424263,0.041548,13.464297,9.932893,12,4,10,135007,33.6625274048
2012,12843,2,4,0,0,1,20,0,0,366,279,232,0,60,38.019638,1.068949,20139.459852963,264.856018,0.105209,32.56271,24.02219,12,7,10,135008,40.641054020462
2012,12843,2,12,0,0,1,100,0,1,286,210,194,109,60,62.264137,0.528962,25671.9133831215,206.15329,0.064243,20.602774,15.199096,12,5,10,135014,32.935362435794
2012,12843,3,6,0,0,1,100,0,0,147,114,147,30,35,235.686905,0.105527,20813.8139095967,44.155643,0.016972,6.421512,7.844569,7,2,10,135018,24.871332023935
2012,12843,3,8,0,0,1,100,0,1,140,116,163,70,35,259.844818,0.114148,23336.7278059397,44.905125,0.015394,5.948152,7.266308,7,2,10,135020,29.660766285064
2012,12843,3,9,0,0,1,100,0,1,154,120,159,93,35,214.747787,0.126679,22241.0973732502,51.784229,0.018627,6.917964,8.451037,7,3,10,135021,27.204034909373
2012,12843,3,10,0,0,1,100,0,1,170,132,165,69,35,217.663147,0.162187,28323.3007712545,65.062233,0.022698,8.139418,9.943176,7,3,10,135022,35.302132822489
2012,12843,3,11,0,0,1,100,0,1,199,154,174,59,35,175.371887,0.237955,32776.4586953844,93.448441,0.031103,10.660788,13.023301,7,3,10,135023,41.730617371085
2012,12843,3,12,0,0,2,10,0,0,15,0,14,0,5,1039.379028,0,767.916092225016,0.369411,0.000177,NA,NA,4,0,10,453953,0
2012,12843,3,13,0,0,2,100,0,0,25,0,23,0,7,1039.379028,0,1686.00686331061,0.811065,0.000491,NA,NA,4,0,10,453954,0
2012,12843,3,3,0,0,3,100,0,1,762,522,316,121,126,11.41939,6.109801,47012.981824331,2058.47168,0.456038,NA,NA,26,15,10,135016,69.77020044139
2012,12843,3,4,0,0,3,100,0,0,902,721,321,141,126,9.126566,11.05361,67058.4820144138,3673.806885,0.639005,NA,NA,26,18,10,135017,100.88150120326
2012,12843,3,7,0,0,3,100,0,1,518,412,301,110,126,20.418827,3.104947,44100.5885373163,1079.900146,0.210742,NA,NA,26,10,10,135019,63.399375637169
2012,12844,1,9,0,0,1,20,0,0,73,65,54,0,15,955.706238,0.012212,9109.69820140468,4.765951,0.004185,2.255619,6.020664,4,1,10,135029,11.671084578456
2012,12844,1,10,0,0,1,10,0,0,134,99,74,0,15,284.062256,0.047188,8609.1199584907,15.15358,0.014103,5.600016,14.947475,4,2,10,135030,13.404329736128
2012,12844,2,14,0,0,1,20,0,0,65,0,66,0,14,1039.379028,0,7621.51488259922,3.666379,0.003318,1.995494,0.890072,4,1,10,453957,0
2012,12844,2,15,0,0,1,100,0,0,25,0,24,0,4,4024.893066,0,6528.89576425751,0.811065,0.000491,1.477262,0.65892,4,0,10,453958,0
2012,12844,2,2,0,0,3,100,0,0,685,542,288,111,165,10.853979,5.390677,40406.2024870765,1861.35437,0.368529,NA,NA,33,13,10,135031,58.510294953783
2012,12844,2,3,0,0,3,100,1,0,769,580,292,139,165,8.612266,6.916441,38662.4006778521,2244.612549,0.464455,NA,NA,33,15,10,135032,59.566229665306
2012,12844,3,1,0,0,1,10,0,0,10,0,14,0,3,2777.430908,0,1526.86208993301,0.27487,7.9e-05,2.865315,1.401404,4,0,10,453961,0
2012,12844,3,2,0,0,1,100,0,0,25,0,24,0,4,1039.379028,0,1686.00686331061,0.811065,0.000491,1.477262,0.722518,4,0,10,453962,0
2012,12844,3,3,0,0,1,100,0,0,55,0,59,0,9,1039.379028,0,8871.51367683314,4.267699,0.002376,2.04275,0.999094,4,1,10,453963,0
2012,12844,4,9,0,0,1,100,0,0,80,73,50,20,20,795.774719,0.015034,15764.3982467793,9.905064,0.005027,2.837968,1.654818,4,1,10,135039,11.963677125446
2012,12844,4,10,0,0,1,100,0,0,112,83,88,31,20,406.007477,0.033502,13605.9743764949,16.755817,0.009852,4.285617,2.498942,4,2,10,135040,13.602062494454
2012,12844,4,11,0,0,1,100,0,0,82,72,68,40,20,757.429749,0.013045,15879.0685616628,10.482205,0.005281,2.914309,1.699332,4,1,10,135041,9.880671075705
2012,12844,4,12,0,0,1,100,0,0,15,0,18,0,4,2078.758057,0,1287.86960911767,0.309769,0.000177,1.383015,0.806435,4,0,10,453966,0
2012,12844,4,13,0,0,1,100,0,0,25,0,24,0,4,4024.893066,0,6528.89576425751,0.811065,0.000491,1.477262,0.861391,4,0,10,453967,0
2012,12844,4,14,0,0,1,100,0,0,55,0,59,0,9,1039.379028,0,8871.51367683314,4.267699,0.002376,2.04275,1.191127,4,1,10,453968,0
2012,12844,4,4,0,0,3,100,0,0,665,551,264,108,143,11.516666,4.967417,39969.3260165407,1735.281982,0.347324,NA,NA,29,13,10,135036,57.208082471722
2012,12844,4,7,0,0,3,20,0,0,494,346,276,0,153,20.869701,2.033954,20561.9862744658,492.627716,0.191666,NA,NA,31,9,10,135037,42.448011827754
2012,12844,4,8,0,0,3,100,0,2,739,581,267,0,143,9.325695,5.884348,37975.1544122141,2036.049561,0.428923,NA,NA,29,14,10,135038,54.87563472186
2012,12845,1,2,0,0,1,100,0,2,318,256,234,65,40,50.363499,0.888734,32437.4255058208,322.033081,0.079423,25.156834,15.19954,8,6,10,135042,44.759753920266
2012,12845,1,6,0,0,1,100,0,0,311,244,261,133,40,52.656181,0.908833,34577.6852490531,328.334534,0.075965,24.1194,14.572731,8,6,10,135044,47.855674946773
2012,12845,1,7,0,0,1,100,0,0,120,94,188,54,40,353.677673,0.082597,25558.7327827255,36.132805,0.01131,4.722928,2.853552,8,2,10,135045,29.212714756781
2012,12845,1,8,0,0,1,100,0,0,236,185,244,97,40,91.442085,0.477903,32140.5338652327,175.742569,0.043744,14.453092,8.732431,8,4,10,135046,43.700446747755
2012,12845,1,9,0,0,1,100,0,0,88,69,155,21,40,657.6651,0.023734,16224.5644760799,12.334974,0.006082,3.154641,1.906007,8,1,10,135047,15.6090234834
2012,12845,1,10,0,0,1,100,0,0,96,75,164,36,40,552.621338,0.036065,16687.9160359975,15.09887,0.007238,3.501474,2.11556,8,1,10,135048,19.93028855497
2012,12845,1,11,0,0,1,100,0,0,331,248,291,83,40,46.485138,1.077497,36401.7387058956,391.541687,0.086049,27.144762,16.400627,8,6,10,135049,50.087596739586
2012,12845,1,12,0,0,1,100,0,0,170,133,220,93,40,176.226929,0.214911,29046.027662821,82.410866,0.022698,8.139418,4.917765,8,3,10,135050,37.873105538319
2012,12845,1,13,0,0,1,100,0,0,263,160,249,102,40,73.630638,0.440977,27577.293929992,187.267792,0.054325,17.6276,10.650441,8,5,10,135051,32.469417853326
2012,12845,1,14,0,0,1,100,0,0,579,458,288,166,40,19.41617,3.748754,50756.9116316535,1307.078369,0.263298,80.319481,48.528328,8,11,10,135052,72.78644495218
2012,12845,2,8,0,0,1,100,0,0,344,256,269,84,45,43.038113,1.074379,34012.9413846577,395.149078,0.092941,29.212326,32.18737,9,6,10,135053,46.239244806827
2012,12845,2,10,0,0,1,100,0,0,194,151,228,149,45,135.321442,0.293213,29968.7437964725,110.731689,0.029559,10.197794,11.236359,9,3,10,135055,39.678005973146
2012,12845,2,13,0,0,1,100,0,0,350,275,267,125,45,41.575172,1.191593,35560.457068341,427.664581,0.096211,30.193449,33.26841,9,7,10,135058,49.540683928996
2012,12845,2,14,0,0,1,100,0,2,359,282,268,0,45,39.51675,1.260762,35725.4188365848,452.028809,0.101223,31.696939,34.925018,9,7,10,135059,49.8212167635
2012,12845,2,9,0,0,9,100,0,0,101,79,172,66,45,499.260681,0.045605,24030.0930747528,24.065678,0.008012,NA,NA,9,2,10,135054,22.768783357005
2012,12845,2,15,0,0,9,100,0,0,78,62,143,67,45,837.106812,0.012226,15650.0132087923,9.34768,0.004778,NA,NA,9,1,10,135060,10.234467883512
2012,12845,2,16,0,0,2,10,0,0,55,0,38,0,10,2078.758057,0,13466.4191991162,3.239054,0.002376,NA,NA,4,1,10,453969,0
2012,12845,2,17,0,0,2,10,0,0,65,0,47,0,18,1039.379028,0,9836.29959013067,4.731815,0.003318,NA,NA,4,1,10,453970,0
2012,12845,3,1,0,0,1,100,0,2,386,299,213,0,155,34.181843,1.160235,29426.8782603219,430.446045,0.117021,36.43644,27.258953,31,7,10,135061,39.658970613105
2012,12845,3,2,0,0,1,100,0,0,741,313,227,65,155,9.275422,2.706236,15697.3790821736,846.181396,0.431248,130.704468,97.783073,31,14,10,135062,25.101480931592
2012,12845,3,3,0,0,1,100,0,0,719,559,231,70,155,9.851727,4.7892,33173.5644727789,1683.64209,0.406021,123.13633,92.12117,31,14,10,135063,47.1818909484
2012,12845,3,4,0,0,1,100,0,0,600,466,227,129,155,14.147105,3.169112,32126.1620024603,1135.432373,0.282744,86.153206,64.453232,31,12,10,135064,44.83376022076
2012,12845,3,6,0,0,1,100,0,0,257,199,194,81,50,77.108788,0.452127,26604.8050270702,172.51474,0.051875,16.892464,12.637647,10,5,10,135066,34.862964992076
2012,12845,3,7,0,0,1,100,0,0,243,180,203,60,50,86.249695,0.395893,26667.4223612273,154.594299,0.046377,15.243125,11.403739,10,4,10,135067,34.145650502635
2012,12845,3,9,0,0,1,100,0,0,269,208,197,118,50,70.382645,0.503839,26978.3435722746,191.6548,0.056832,18.379696,13.75028,10,5,10,135069,35.461521474155
2012,12845,3,10,0,0,1,100,0,0,203,157,181,109,50,123.588501,0.257332,24827.1734111238,100.442894,0.032366,11.039663,8.259031,10,4,10,135070,31.803276139332
2012,12845,4,5,0,0,1,100,0,0,138,107,183,82,50,267.431122,0.111578,24834.9192055582,46.432365,0.014957,5.817147,2.314046,10,2,10,135075,29.839429730516
2012,12845,4,6,0,0,1,100,0,0,224,174,217,113,50,101.501869,0.378103,28967.0716033417,142.692307,0.039408,13.15247,5.232018,10,4,10,135076,38.378161174507
2012,12845,4,9,0,0,1,100,0,1,188,148,186,84,50,144.096832,0.229538,25560.5695687528,88.692337,0.027759,9.657752,3.841829,10,3,10,135079,33.075698623616
2012,12845,4,11,0,0,1,100,0,0,158,123,193,105,50,204.012085,0.160467,26009.4613423176,63.744904,0.019607,7.212018,2.868922,10,3,10,135081,32.737207243695
2012,12845,4,12,0,0,1,100,0,1,300,199,238,87,50,56.588421,0.62084,28031.8742762693,247.682068,0.070686,22.535801,8.964684,10,6,10,135082,35.13235529364
2012,12845,4,14,0,0,1,100,0,0,172,134,200,135,50,172.152451,0.200118,26843.8196543325,77.965256,0.023235,8.300582,3.30195,10,3,10,135084,34.450804189218
2012,12845,4,16,0,0,1,100,0,0,179,139,202,87,50,158.951279,0.219216,27050.0024921955,85.088974,0.025165,8.879501,3.532243,10,3,10,135086,34.844663577264
2012,12845,4,17,0,0,2,100,0,0,25,0,23,0,7,1039.379028,0,1686.00686331061,0.811065,0.000491,NA,NA,4,0,10,453973,0
2012,12849,4,3,0,0,1,10,0,0,297,241,288,0,55,57.737404,0.94384,23474.8376901799,203.289688,0.069279,16.359472,18.719149,11,5,10,135088,54.49487139136
2012,12849,4,9,0,0,1,10,2,0,415,342,229,0,55,29.571541,1.841878,22250.2454344638,376.210449,0.135265,29.226774,33.442421,11,8,10,135090,54.467170793998
2012,12849,4,11,0,0,1,10,1,0,358,288,288,0,55,39.73782,1.413614,24072.1182640322,302.886749,0.10066,22.478703,25.721012,11,7,10,135091,56.17393868148
2012,12849,4,12,0,0,1,10,0,0,271,209,304,0,55,69.347618,0.770266,22098.7883700157,159.333435,0.057681,14.09771,16.131151,11,5,10,135092,53.416112326388
2012,12849,4,16,0,0,1,10,0,0,423,271,309,0,55,28.46357,1.437988,18514.9650815509,325.239685,0.140531,30.253513,34.617256,11,8,10,135093,40.93027209716
2012,12849,4,19,0,0,1,10,0,0,363,288,310,0,55,38.650654,1.457474,24752.2524961229,320.204834,0.103491,23.030819,26.352764,11,7,10,135094,56.332323287996
2012,12849,4,20,0,0,1,10,0,0,462,358,332,0,55,23.860861,2.410677,26093.2000955029,546.778259,0.167639,35.539589,40.665791,11,9,10,135095,57.520828812897
2012,12850,1,2,0,0,1,110,0,0,783,636,250,131,175,9.017051,6.549117,38025.0933890028,2108.510498,0.48152,191.310425,105.81456,35,15,10,135097,59.053721993967
2012,12850,1,4,0,0,1,110,0,0,582,481,220,115,175,15.035715,3.136602,31505.112594787,1047.675903,0.266034,106.193367,58.735973,35,11,10,135099,47.16105374043
2012,12850,1,5,0,0,1,110,0,0,551,445,239,124,175,16.775169,2.924858,31983.6330519405,953.302856,0.238448,95.297043,52.709175,35,11,10,135100,49.064987251002
2012,12850,1,7,0,0,1,110,0,0,450,363,230,25,175,25.150412,1.834773,30396.3882025517,604.292053,0.159043,63.932182,35.361145,35,9,10,135102,46.145296876476
2012,12850,1,8,0,0,1,110,0,0,533,431,237,56,175,17.927334,2.708575,31725.9955399564,884.849792,0.223123,89.243782,49.361092,35,10,10,135103,48.55752868905
2012,12850,1,9,0,0,1,110,0,0,671,637,261,70,175,11.311626,6.07208,39818.7241046267,1760.07959,0.353619,140.789612,77.8713,35,13,10,135104,68.68509800208
2012,12850,1,10,0,0,1,110,0,0,545,440,238,179,175,17.146563,2.84499,31846.8920768163,928.666931,0.233283,93.256958,51.580795,35,10,10,135105,48.78180026937
2012,12850,1,12,0,0,1,110,0,2,441,355,230,0,175,26.355591,1.753514,30428.8553112382,577.275146,0.152745,61.444427,33.985157,35,8,10,135107,46.214897796774
2012,12852,2,11,0,0,1,100,0,1,111,87,201,88,30,413.355896,0.071269,27080.1124773662,32.756413,0.009677,4.233074,2.380801,6,2,10,135116,29.459461352024
2012,12852,2,13,0,0,1,100,0,1,102,80,191,51,55,489.519287,0.052337,26153.38148903,26.713331,0.008171,3.78139,2.126762,11,2,10,135118,25.619970923719
2012,12853,1,3,0,0,1,100,0,0,893,706,289,94,163,6.386563,9.684917,41561.2291838837,3253.80249,0.626316,189.22493,188.158417,33,17,10,135119,61.853332570271
2012,12853,1,4,0,0,1,100,0,1,447,178,265,164,163,25.489134,0.943319,19802.2039153183,388.444031,0.15693,48.409,48.136154,33,8,10,135120,24.044384395746
2012,12853,1,10,0,0,1,100,0,0,526,414,272,133,163,18.40766,2.873383,37357.5797327448,1014.729187,0.217301,66.520401,66.145477,33,10,10,135125,52.89225731378
2012,12853,2,6,0,0,1,100,0,1,164,125,109,43,25,189.357437,0.102247,16233.0444336267,42.863499,0.021124,7.667235,9.234294,5,3,10,135126,19.361229860939
2012,12853,2,8,0,0,1,100,0,0,313,242,130,42,25,51.985405,0.474592,19457.8762807231,187.147491,0.076945,24.413454,29.40317,5,6,10,135128,24.67185732976
2012,12853,2,9,0,0,1,100,0,0,254,198,125,75,25,78.94101,0.298216,18736.2926995449,118.672745,0.050671,16.531261,19.909985,5,5,10,135129,23.54147223816
2012,12853,2,10,0,0,1,100,0,0,245,191,124,37,25,84.847282,0.274511,18576.1119745543,109.467926,0.047144,15.473089,18.635538,5,4,10,135130,23.291512229102
2012,12853,2,11,0,0,2,100,0,0,25,0,23,0,7,1039.379028,0,1686.00686331061,0.811065,0.000491,NA,NA,4,0,10,453977,0
2012,12853,4,1,0,0,1,100,0,0,572,410,275,88,163,26.636227,3.066475,57991.6637782338,1088.586304,0.25697,78.421097,38.360973,33,11,10,135131,81.679324189825
2012,12853,4,3,0,0,1,100,0,0,634,486,278,135,163,13.53334,4.226497,39927.9984813551,1475.171631,0.315696,96.038872,46.979,33,12,10,135133,57.19862090998
2012,12853,4,5,0,0,1,100,0,0,541,426,273,83,163,23.362408,3.063726,50458.9227464735,1079.916992,0.229872,70.291504,34.384247,33,10,10,135134,71.576016812208
2012,12853,4,9,0,0,1,100,0,0,592,467,276,188,163,25.387909,3.76447,66948.7651823923,1318.516724,0.275254,83.906334,41.04417,33,11,10,135135,95.57202179323
2012,12853,4,11,0,0,1,100,0,0,635,501,278,122,163,20.055468,4.409763,61637.7879099234,1536.682861,0.316693,96.337875,47.125263,33,12,10,135137,88.439860734084
2012,12853,4,13,0,0,1,100,0,0,496,390,269,153,163,30.763361,2.505902,54675.4601397849,888.645752,0.193221,59.296291,29.00576,33,9,10,135139,77.089967856622
2012,12853,4,14,0,0,1,100,0,0,618,487,277,87,163,13.669873,4.137889,39509.5707009137,1445.133057,0.299963,91.318924,44.670162,33,12,10,135140,56.564417118097
2012,12853,4,15,0,0,1,100,0,2,1104,873,293,0,163,7.812088,15.841634,74934.51697459,4796.062012,0.957258,288.507385,141.128143,33,18,10,135141,123.756238871792
2012,12853,4,16,0,0,2,100,0,0,15,0,16,0,7,2078.758057,0,1287.86960911767,0.309769,0.000177,NA,NA,4,0,10,453978,0
2012,13116,1,8,0,0,1,10,0,2,210,142,88,0,40,115.48658,0.13049,8179.0142435089,35.411102,0.034636,9.604046,7.199073,8,4,10,137442,15.0698438242
2012,13117,3,12,0,0,2,100,0,0,25,0,23,0,7,1039.379028,0,1686.00686331061,0.811065,0.000491,NA,NA,4,0,10,454692,0
2012,13117,4,2,0,0,1,10,0,0,293,236,247,0,50,59.3246,0.777676,21043.1170816802,177.355743,0.067426,15.998034,14.017471,10,5,10,137457,46.1353176296
2012,13117,4,3,0,0,1,10,0,0,250,204,232,0,50,81.487328,0.543232,20048.6007793128,123.016678,0.049087,12.422062,10.884205,10,5,10,137458,44.266524164096
2012,13117,4,5,0,0,1,10,0,0,362,271,263,0,50,38.864494,1.129184,20471.6492488979,263.372131,0.102922,22.919779,20.0823,10,7,10,137459,43.885164792896
2012,13117,4,10,0,0,1,10,0,0,193,161,205,0,50,136.727371,0.294292,18598.8968472202,68.014534,0.029255,8.554796,7.495708,10,3,10,137460,40.237771466332
2012,13117,4,11,0,0,1,10,0,0,287,231,245,0,50,61.831009,0.739678,20829.5929041596,168.439697,0.064693,15.465059,13.550479,10,5,10,137461,45.735037075102
2012,13117,4,13,0,0,1,10,0,0,282,228,244,0,50,64.04303,0.716182,20847.3176741253,162.760239,0.062458,15.029339,13.168701,10,5,10,137462,45.86646531146
2012,13117,4,14,0,0,1,10,0,0,316,252,254,0,50,51.003021,0.914932,21416.2942913498,209.951233,0.078427,18.143248,15.897105,10,6,10,137463,46.664296009572
2012,13117,4,15,0,0,1,10,0,0,323,242,258,0,50,48.816322,0.886907,19773.4603068784,202.52919,0.08194,18.8283,16.497349,10,6,10,137464,43.295537696054
2012,13117,4,16,0,0,1,10,0,0,372,291,267,0,50,36.803085,1.287987,22196.418120331,301.556488,0.108687,24.043924,21.067278,10,7,10,137465,47.401895039895
2012,13117,4,17,0,0,1,10,0,0,421,325,276,0,50,28.73465,1.662796,22763.0884827654,396.091278,0.139205,29.994991,26.281599,10,8,10,137466,47.7798610814
2012,13117,4,18,0,0,1,10,0,0,337,267,259,0,50,44.844612,1.048785,21752.7146851,242.534317,0.089197,20.243435,17.737288,10,6,10,137467,47.03235639642
2012,13117,4,19,0,0,1,10,0,0,274,222,241,0,50,67.837372,0.670214,20640.8743292704,152.134979,0.058965,14.348112,12.571809,10,5,10,137468,45.465556437608
2012,13119,2,1,0,0,1,100,0,0,304,238,245,117,55,55.109055,0.813335,32745.1485959884,297.094086,0.072584,23.105055,21.94364,11,6,10,137469,44.822123248425
2012,13119,2,2,0,0,1,100,0,0,204,159,220,99,55,122.379822,0.315903,29211.4992180408,119.347694,0.032685,11.135561,10.575813,11,4,10,137470,38.660152909266
2012,13119,2,5,0,0,1,100,0,1,163,127,203,77,55,191.687973,0.180518,27125.0034829133,70.753014,0.020867,7.590188,7.208653,11,3,10,137471,34.603129510014
2012,13119,2,6,0,0,1,100,0,1,309,225,239,96,55,53.340023,0.746235,30243.8451542025,283.500488,0.074991,23.82723,22.629515,11,6,10,137472,39.804192063405
2012,13119,2,7,0,0,1,100,0,1,303,197,251,125,55,55.473408,0.648766,28820.3721436201,259.767456,0.072107,22.962036,21.80781,11,6,10,137473,35.989261014528
2012,13119,2,9,0,0,1,100,0,0,355,278,252,107,55,40.412285,1.156472,33866.8736567519,419.017059,0.09898,31.02401,29.464533,11,7,10,137475,46.73567605852
2012,13119,2,10,0,0,1,100,0,0,436,342,261,156,55,26.791508,1.846903,35435.8835411345,661.326782,0.149301,46.120422,43.802101,11,8,10,137476,49.481316499724
2012,13119,3,1,0,0,1,100,0,2,206,159,192,0,35,142.912598,0.279796,30988.4170304427,108.417374,0.033329,11.32877,36.324314,7,4,10,137477,39.986373270008
2012,13119,3,7,0,0,1,100,0,0,180,139,184,59,35,167.307602,0.201662,26622.8808932183,79.562675,0.025447,8.964088,28.742256,7,3,10,137478,33.739585634524
2012,13121,2,11,0,0,3,10,0,0,424,290,249,0,106,28.329466,1.291528,17864.52253322,315.299316,0.141196,NA,NA,22,8,10,137484,36.588298564048
2012,13121,2,12,0,0,3,100,0,0,349,210,158,28,64,41.813759,0.543964,18540.5241830491,221.703629,0.095663,NA,NA,13,6,10,137485,22.745179600676
2012,13121,2,15,0,0,3,10,2,0,312,262,160,0,106,52.319176,0.80099,17320.9108215605,165.531189,0.076454,NA,NA,22,6,10,137488,41.90713678424
2012,13121,3,2,0,0,1,100,0,0,640,508,294,142,125,12.43398,4.763682,40968.8621633905,1647.455688,0.3217,97.839958,60.96685,25,12,10,137489,59.23152671436
2012,13121,3,3,0,0,1,100,0,0,800,551,302,98,125,7.957747,6.583826,35119.0956458204,2206.5979,0.502656,152.126801,94.794525,25,16,10,137490,52.392421600022
2012,13121,3,8,0,0,1,100,0,0,162,126,210,55,75,194.061798,0.183459,27847.8501593146,71.749954,0.020612,7.513611,4.681944,15,3,10,137494,35.602383399282
2012,13121,3,9,0,0,1,100,0,0,359,287,266,109,125,39.51675,1.282789,36111.440382381,456.913086,0.101223,31.696939,19.751261,25,7,10,137495,50.69165221575
2012,13121,3,11,0,0,1,100,0,0,717,510,292,124,125,9.906763,5.232797,35541.090322121,1793.779175,0.403766,122.459648,76.308083,25,14,10,137497,51.840079706111
2012,13121,3,12,0,0,1,100,0,0,739,587,298,130,125,9.325695,6.599549,42098.9375826208,2257.147461,0.428923,130.00705,81.011078,25,14,10,137498,61.545381111555
2012,13121,3,13,0,0,1,100,0,0,174,136,217,138,75,168.217667,0.222776,28734.7070450769,85.409302,0.023779,8.463631,5.273928,15,3,10,137499,37.474858983592
2012,13121,4,3,0,0,1,100,0,0,713,574,342,76,125,10.018231,7.070081,47748.6548595784,2383.088135,0.399273,121.1119,108.557137,25,14,10,137501,70.829704646711
2012,13121,4,7,0,0,1,100,0,0,800,645,347,140,125,7.957747,9.225475,49074.0230369363,3083.411865,0.502656,152.126801,136.356964,25,16,10,137503,73.413996004825
2012,13121,4,8,0,0,1,100,0,0,682,491,353,112,125,10.949679,5.658587,41989.0062046219,1917.362427,0.365308,110.922501,99.423996,25,13,10,137504,61.959711243573
2012,13121,4,9,0,0,1,100,0,0,675,436,328,130,125,11.177959,4.492929,34496.9525880697,1543.079224,0.357848,108.684364,97.417877,25,13,10,137505,50.221776151911
2012,13121,4,10,0,0,1,100,0,0,578,464,334,75,125,15.244543,4.385198,45594.0796454172,1495.422974,0.26239,80.046875,71.749023,25,11,10,137506,66.850339474514
2012,13121,4,11,0,0,1,100,0,0,569,457,333,106,125,15.730609,4.231703,45436.8886099747,1444.218994,0.254282,77.614563,69.568848,25,11,10,137507,66.567265297127
2012,13121,4,12,0,0,1,100,0,0,866,698,349,143,125,6.791009,11.032038,49744.0911876501,3662.496338,0.589015,178.034622,159.579117,25,17,10,137508,74.918669346342
2012,13122,3,1,0,0,1,10,0,0,10,0,14,0,3,2777.430908,0,1526.86208993301,0.27487,7.9e-05,2.865315,2.12504,4,0,10,454697,0
2012,13390,1,1,0,0,1,100,0,1,567,447,277,58,145,15.841783,3.439937,38247.0185845825,1207.156372,0.252497,77.079231,56.759106,29,11,10,139823,54.494735487671
2012,13390,1,3,0,0,1,100,0,0,597,441,298,155,145,14.289646,3.764349,37575.287010809,1314.773193,0.279924,85.307091,62.817886,29,11,10,139825,53.791214630454
2012,13390,1,6,0,0,1,100,0,0,223,174,227,136,105,102.414238,0.393404,30123.334761202,147.066147,0.039057,13.047147,9.607574,21,4,10,139826,40.290170886152
2012,13390,1,7,0,0,1,20,0,0,483,384,252,0,125,21.831112,2.128762,23469.988401165,537.535339,0.183225,55.967564,41.213032,25,9,10,139827,46.473241643344
2012,13390,1,8,0,0,1,20,0,0,494,374,254,0,125,20.869701,2.090282,21951.8658286152,525.926697,0.191666,58.499763,43.077679,25,9,10,139828,43.623560345682
2012,13390,1,9,0,0,1,20,0,0,389,297,235,0,125,33.656651,1.223709,20587.9032304029,305.851929,0.118848,36.654251,26.99122,25,7,10,139829,41.185946738559
2012,13390,1,11,0,0,1,100,0,0,687,545,268,107,145,10.790875,5.09443,38271.9800251152,1773.349243,0.370685,112.535316,82.868034,29,13,10,139830,54.97335732625
2012,13390,1,14,0,0,2,100,0,0,10,0,14,0,7,4024.893066,0,1300.50332302059,0.161558,7.9e-05,NA,NA,4,0,10,455363,0
2012,13390,2,1,0,0,1,20,0,0,618,403,348,0,165,14.827649,3.555435,23833.6900552372,803.690796,0.299963,90.988922,77.481339,33,12,10,139833,52.718742222315
2012,13390,2,6,0,0,1,10,0,0,578,391,342,0,60,24.220579,3.125944,35852.0360577109,740.115173,0.26239,54.015961,45.997128,12,11,10,139836,75.712173601576
2012,13390,3,2,0,0,1,100,0,0,145,124,177,48,32,242.233459,0.140069,25369.9204319904,52.366673,0.016513,6.28391,6.666695,7,2,10,139837,33.929398368671
2012,13390,3,3,0,0,1,100,0,2,307,240,243,0,32,54.037262,0.822133,32510.4085407895,300.814728,0.074023,23.536951,24.970705,7,6,10,139838,44.425816319846
2012,13390,3,4,0,0,1,100,0,1,333,260,247,98,32,45.928432,0.988211,33085.6465282876,360.186981,0.087092,27.457664,29.130247,7,6,10,139839,45.386981715152
2012,13390,3,7,0,0,1,100,0,1,138,107,188,79,32,267.431122,0.11443,25381.3949134622,47.454079,0.014957,5.817147,6.171498,7,2,10,139842,30.60214329046
2012,13390,4,2,0,0,1,100,0,1,494,353,326,136,155,20.869701,2.609404,38580.8242183327,924.326233,0.191666,58.829762,32.395721,31,9,10,139844,54.457481268204
2012,13390,4,4,0,0,1,100,0,0,623,465,294,139,155,13.121818,4.132836,37748.6608604262,1438.392944,0.304837,92.780968,51.091602,31,12,10,139846,54.230321815848
2012,13390,4,5,0,0,1,100,0,0,672,536,313,82,155,11.277987,5.649843,43599.351319522,1932.940308,0.354674,107.732216,59.324787,31,13,10,139847,63.718855906041
2012,13390,4,6,0,0,1,100,0,0,566,451,307,79,155,15.897809,3.830916,42107.0005722272,1324.302002,0.251608,76.812271,42.298138,31,11,10,139848,60.903170863044
2012,13390,4,8,0,0,1,100,0,0,698,557,314,96,155,10.45344,6.156512,43921.5624451421,2100.818604,0.38265,116.125015,63.946445,31,13,10,139849,64.35672880128
2012,13390,4,10,0,0,1,100,0,0,348,275,282,96,155,42.054417,1.250626,37348.7012542245,444.052063,0.095115,29.864523,16.445467,31,6,10,139851,52.594347315042
2012,13390,4,13,0,0,1,100,0,0,531,422,304,145,155,18.062632,3.300251,41381.2958832071,1145.494629,0.221452,67.765656,37.316444,31,10,10,139854,59.611219320632
2012,13390,4,15,0,0,2,100,0,0,10,0,14,0,7,3183.0979,0,1028.5066779585,0.161558,7.9e-05,NA,NA,4,0,10,455364,0
2012,13390,4,16,0,0,2,100,0,0,15,0,16,0,7,4024.893066,0,2493.57420032351,0.309769,0.000177,NA,NA,4,0,10,455365,0
2012,13390,4,17,0,0,2,100,0,0,25,0,23,0,7,1039.379028,0,1686.00686331061,0.811065,0.000491,NA,NA,4,0,10,455366,0
2012,13393,2,2,0,0,1,10,0,0,386,239,322,0,55,34.181843,1.192812,17687.9917487835,258.733734,0.117021,25.669186,17.181498,11,7,10,139866,40.772512512516
2012,13402,1,1,0,0,1,10,0,0,333,248,267,0,40,45.928432,0.965605,20145.7957706011,219.317261,0.087092,19.832981,13.523737,8,6,10,139909,44.34872358136
2012,13402,1,2,0,0,1,10,0,0,351,260,266,0,40,43.698364,1.058722,21310.0083811367,243.830734,0.096762,21.718603,14.809507,8,7,10,139910,46.264419330808
2012,13402,1,3,0,0,1,10,0,0,248,203,237,0,40,82.806946,0.5488,20384.5579080722,123.084831,0.048305,12.269522,8.366357,8,4,10,139911,45.4444519648
2012,13402,1,4,0,0,1,10,0,0,237,195,233,0,40,90.67205,0.496517,20183.1146852853,111.297333,0.044115,11.45245,7.80921,8,4,10,139912,45.02021424985
2012,13402,1,5,0,0,1,10,0,0,248,203,237,0,40,82.806946,0.5488,20384.5579080722,123.084831,0.048305,12.269522,8.366357,8,4,10,139913,45.4444519648
2012,13402,1,6,0,0,1,10,0,0,166,141,193,0,40,184.822128,0.208595,18312.2444567831,49.540184,0.021642,7.070284,4.821094,8,3,10,139914,38.55297179016
2012,13402,1,7,0,0,1,10,0,0,433,334,284,0,40,27.164038,1.804829,23263.4983417784,428.203979,0.147254,31.564501,21.523239,8,8,10,139915,49.026443539502
2012,13402,1,8,0,0,1,10,0,0,400,311,279,0,40,31.830988,1.537124,22935.0506081385,360.262939,0.125664,27.354481,18.652508,8,8,10,139916,48.928175598512
2012,13402,1,9,0,0,1,10,0,0,203,169,216,0,40,123.588501,0.342774,19230.797753871,77.801727,0.032366,9.161282,6.246905,8,4,10,139917,42.362924841774
2012,13402,1,10,0,0,1,10,0,0,277,224,248,0,40,66.375916,0.702901,20993.7756893886,158.143021,0.060263,14.601276,9.956336,8,5,10,139918,46.655697732316
2012,13402,1,11,0,0,1,100,0,2,233,147,164,44,40,93.855377,0.248741,20278.6532032912,108.031387,0.042639,14.121573,9.629235,8,4,10,139919,23.345680330357
2012,13402,1,12,0,0,1,100,0,2,210,162,159,0,40,115.825378,0.244485,22425.5188631068,96.807449,0.034636,11.72084,7.99222,8,4,10,139920,28.31756754033
2012,13402,1,14,0,0,1,10,0,0,246,202,236,0,40,84.158867,0.540214,20400.7175769318,121.203613,0.047529,12.118208,8.263179,8,4,10,139921,45.463798177538
2012,13402,1,15,0,0,1,10,0,0,354,279,269,0,40,40.640923,1.190542,22322.6173077975,274.632263,0.098423,22.042521,15.03038,8,7,10,139922,48.384725750266
2012,13402,2,1,0,0,1,100,0,0,275,217,285,118,70,71.349907,0.771359,39182.7699326876,274.581787,0.059396,19.148762,20.769663,14,5,10,139923,55.036392913613
2012,13402,2,5,0,0,1,100,0,1,349,249,262,99,105,41.813759,1.021594,32092.9328529054,383.760437,0.095663,30.028751,32.570621,21,6,10,139925,42.716685311846
2012,13402,2,7,0,0,1,100,0,0,610,342,339,97,105,15.951904,3.124317,35334.7369720394,1107.539795,0.292247,89.004204,96.538216,21,12,10,139927,49.838804849568
2012,13403,2,4,0,0,1,10,0,0,273,215,158,0,49,68.335258,0.42067,15200.3625607958,111.219032,0.058535,14.264339,17.230982,10,5,10,139938,28.74659298286
2012,13403,2,7,0,0,1,10,0,0,278,193,159,0,49,65.899261,0.376882,12676.052086058,96.177498,0.060699,14.686275,17.740671,10,5,10,139939,24.836245284202
2012,13403,3,1,0,0,1,100,0,0,326,212,209,59,44,47.921993,0.644062,24790.9589823488,258.659515,0.083469,26.37075,17.416227,9,6,10,139942,30.864734655566
2012,13403,3,18,0,0,1,100,0,0,379,286,241,86,44,35.456158,1.210347,31662.5352033733,446.502625,0.112816,35.174698,23.230684,9,7,10,139948,42.914254466826
2012,13403,3,21,0,0,2,100,0,0,10,0,14,0,7,3183.0979,0,1028.5066779585,0.161558,7.9e-05,NA,NA,4,0,10,455372,0
2012,13403,3,22,0,0,2,100,0,0,25,0,23,0,7,1039.379028,0,1686.00686331061,0.811065,0.000491,NA,NA,4,0,10,455373,0
2012,13669,1,12,0,0,2,100,0,0,10,0,14,0,7,4024.893066,0,1300.50332302059,0.161558,7.9e-05,NA,NA,4,0,10,456041,0
2012,13669,2,3,0,0,1,100,0,0,133,104,153,86,29,287.916687,0.087758,21578.4717864209,37.473465,0.013893,5.497882,3.742298,6,2,10,142417,25.266992617746
2012,13669,2,7,0,0,1,100,0,1,111,87,140,72,29,413.355896,0.051083,20222.0351086008,24.460804,0.009677,4.233074,2.881368,6,2,10,142420,21.115459235368
2012,13669,2,8,0,0,1,100,0,2,167,130,168,0,29,182.615326,0.159176,23286.4843837196,63.758297,0.021904,7.901205,5.378191,6,3,10,142421,29.067977131376
2012,13669,2,9,0,0,1,100,0,1,103,81,134,88,29,480.060181,0.039422,19646.4643476055,20.462502,0.008332,3.829692,2.606795,6,2,10,142422,18.924932455382
2012,13669,2,10,0,0,1,100,0,0,90,72,124,65,29,628.760193,0.023257,16340.1425581803,12.993938,0.006362,3.238522,2.204397,6,1,10,142423,14.623075808601
2012,13669,2,11,0,0,2,100,0,0,25,0,23,0,7,1039.379028,0,1686.00686331061,0.811065,0.000491,NA,NA,4,0,10,456043,0
2012,13669,3,10,0,0,1,100,0,0,192,103,118,36,24,138.155334,0.112191,14538.6153462152,52.616917,0.028953,10.015896,18.084093,5,3,10,142426,15.499785076794
2012,13669,4,15,0,0,2,100,0,0,25,0,23,0,7,1039.379028,0,1686.00686331061,0.811065,0.000491,NA,NA,4,0,10,456046,0
2012,13671,1,13,0,0,1,100,0,2,112,89,122,0,19,406.007477,0.047578,18181.6339814624,22.390762,0.009852,4.285617,4.372112,4,2,10,142433,19.317023740706
2012,13671,1,15,0,0,2,10,0,0,15,0,14,0,5,2078.758057,0,1535.83218518885,0.369411,0.000177,NA,NA,4,0,10,456048,0
2012,13671,1,16,0,0,2,10,0,0,25,0,18,0,5,2777.430908,0,3909.4423103281,0.703788,0.000491,NA,NA,4,0,10,456049,0
2012,13671,1,17,0,0,2,100,0,0,25,0,23,0,7,2078.758057,0,3372.01372824335,0.811065,0.000491,NA,NA,4,0,10,456050,0
2012,13671,2,11,0,0,1,10,0,0,153,107,122,0,19,217.564117,0.085635,10663.9191188585,24.507532,0.018385,6.435158,11.340771,4,3,10,142435,18.631103159295
2012,13671,2,12,0,0,1,10,0,0,324,184,165,0,28,48.51545,0.433194,9890.6794508464,101.933296,0.082448,18.927389,33.356007,6,6,10,142436,21.0166018473
2012,13671,2,13,0,0,1,10,0,0,206,167,145,0,19,120.015045,0.22836,14455.9765908617,60.225685,0.033329,9.3492,16.476227,4,4,10,142437,27.4066356762
2012,13671,2,14,0,0,1,10,0,0,200,163,143,0,19,127.323952,0.213678,14408.0643519876,56.580338,0.031416,8.97612,15.818744,4,4,10,142438,27.206327415456
2012,13671,2,15,0,0,1,10,0,0,216,174,148,0,19,109.15976,0.25427,14573.8740379801,66.754791,0.036644,9.995506,17.615223,4,4,10,142439,27.7560521752
2012,13671,2,16,0,0,2,10,0,0,15,0,14,0,5,1039.379028,0,767.916092225016,0.369411,0.000177,NA,NA,4,0,10,456051,0
2012,13671,3,14,0,0,1,10,0,2,90,78,59,0,19,628.760193,0.017017,12914.7111000929,10.269981,0.006362,4.090539,4.239482,4,1,10,142441,10.699612204281
2012,13671,4,12,0,0,1,100,0,0,355,274,194,117,19,40.412285,0.887324,27049.113458107,334.66449,0.09898,31.02401,23.285309,4,7,10,142448,35.85879037534
2012,13671,4,14,0,0,2,10,0,0,25,0,18,0,5,2777.430908,0,3909.4423103281,0.703788,0.000491,NA,NA,4,0,10,456055,0
2012,13672,1,4,0,0,1,100,0,0,705,543,202,88,200,10.246886,4.019306,29334.6931827762,1431.395508,0.390363,118.439026,134.276443,37,14,10,142452,41.185370381116
2012,13672,1,9,0,0,2,100,0,0,25,0,23,0,7,3118.137207,0,5058.0207894537,0.811065,0.000491,NA,NA,4,0,10,456058,0
2012,13672,2,5,0,0,1,100,0,0,25,0,24,0,4,1039.379028,0,1686.00686331061,0.811065,0.000491,1.477262,0.564067,4,0,10,456060,0
2012,13672,2,3,0,0,3,100,0,0,538,462,194,83,99,17.595661,2.467536,31732.6211827301,901.717224,0.227329,NA,NA,20,10,10,142457,43.417926961296
2012,13672,3,9,0,0,1,10,0,0,527,349,281,0,52,18.337868,2.11265,19122.2326927327,521.386475,0.218128,45.385025,38.596569,11,10,10,142462,38.7414968302
2012,13672,3,10,0,0,1,10,0,0,255,207,224,0,52,78.323082,0.541325,19527.855582447,124.662201,0.051071,12.808773,10.892904,11,5,10,142463,42.39824236365
2012,13672,3,11,0,0,1,10,0,0,403,312,266,0,52,31.358843,1.478069,22156.4427587818,353.272644,0.127556,27.723425,23.576702,11,8,10,142464,46.350533714167
2012,13672,3,12,0,0,1,10,0,0,443,312,277,0,52,25.951511,1.616953,20115.0947313238,387.551514,0.154134,32.906116,27.984194,11,8,10,142465,41.962373565983
2012,13672,3,13,0,0,1,10,0,0,349,275,254,0,52,41.813759,1.092911,21469.9641510634,256.733246,0.095663,21.504189,18.287706,11,6,10,142466,45.698717162449
2012,13672,3,14,0,0,1,10,0,0,243,198,219,0,52,86.249695,0.483331,19212.9223734111,111.379654,0.046377,11.893532,10.11456,11,4,10,142467,41.687151334045
2012,13672,3,17,0,0,2,100,0,0,25,0,23,0,7,1039.379028,0,1686.00686331061,0.811065,0.000491,NA,NA,4,0,10,456065,0
2012,13674,1,15,0,0,1,10,0,0,10,0,14,0,3,2777.430908,0,1526.86208993301,0.27487,7.9e-05,2.865315,0.875731,4,0,10,456068,0
2012,13674,1,16,0,0,1,10,0,0,15,0,15,0,3,2777.430908,0,2052.02705831038,0.369411,0.000177,2.884459,0.881582,4,0,10,456069,0
2012,13674,1,17,0,0,1,10,0,0,25,0,19,0,3,1039.379028,0,1463.0039353371,0.703788,0.000491,2.94572,0.900305,4,0,10,456070,0
2012,13674,1,18,0,0,1,100,0,0,10,0,16,0,4,3183.0979,0,1028.5066779585,0.161558,7.9e-05,1.353562,0.413691,4,0,10,456071,0
2012,13674,1,19,0,0,1,100,0,0,15,0,18,0,4,2078.758057,0,1287.86960911767,0.309769,0.000177,1.383015,0.422693,4,0,10,456072,0
2012,13674,1,12,0,0,3,10,0,0,356,237,284,0,104,63.562229,0.999826,28361.6322229688,223.101303,0.099538,NA,NA,21,7,10,142476,63.551169172154
2012,13674,2,1,0,0,1,10,0,0,584,447,411,0,124,14.93291,4.621042,30089.7917732868,1007.499268,0.267865,55.083748,66.822968,25,11,10,142479,69.00560429222
2012,13674,2,2,0,0,1,10,0,0,597,456,414,0,124,14.289646,4.840997,30179.3311558989,1055.985962,0.279924,57.435104,69.67543,25,11,10,142480,69.176133417062
2012,13674,2,3,0,0,1,10,0,0,534,412,401,0,124,17.860254,3.840102,29734.4908273835,832.420715,0.223962,46.522491,56.437168,25,10,10,142481,68.585197105908
2012,13674,2,6,0,0,1,10,0,0,562,431,407,0,124,16.124918,4.261856,29903.0462973731,927.230957,0.248064,51.22245,62.138763,25,11,10,142482,68.722078527808
2012,13674,2,7,0,0,1,10,0,0,721,475,428,0,124,9.797146,5.710642,25319.1834611259,1292.171387,0.408283,82.465202,100.039833,25,14,10,142483,55.947993427732
2012,13674,2,9,0,0,1,100,0,0,401,288,269,112,124,31.672428,1.414518,33059.3725854171,521.895142,0.126293,39.21793,47.57589,25,8,10,142484,44.801219509704
2012,13674,2,10,0,0,1,100,0,0,417,328,271,130,124,29.288561,1.748729,36507.4011397013,623.236511,0.136572,42.301727,51.316891,25,8,10,142485,51.217755988969
2012,13674,2,11,0,0,1,10,0,0,556,387,412,0,124,16.474815,3.630277,26263.1236096514,797.068848,0.242795,50.195099,60.892467,25,11,10,142486,59.808141973755
2012,13674,2,12,0,0,1,10,0,0,555,427,406,0,124,16.534237,4.170897,29958.4732390429,905.952698,0.241923,50.024952,60.686062,25,11,10,142487,68.962599500589
2012,13674,2,13,0,0,2,10,0,0,15,0,14,0,5,2777.430908,0,2052.02705831038,0.369411,0.000177,NA,NA,4,0,10,456073,0
2012,13674,2,14,0,0,2,10,0,0,25,0,18,0,5,2777.430908,0,3909.4423103281,0.703788,0.000491,NA,NA,4,0,10,456074,0
2012,13674,2,16,0,0,2,100,0,0,15,0,16,0,7,1039.379028,0,643.934804249064,0.309769,0.000177,NA,NA,4,0,10,456076,0
2012,13674,2,17,0,0,2,100,0,0,25,0,23,0,7,2078.758057,0,3372.01372824335,0.811065,0.000491,NA,NA,4,0,10,456077,0
2012,13674,3,1,0,0,1,10,0,0,377,235,283,0,104,35.833351,1.022787,16404.7307204098,228.903107,0.111628,24.617481,21.417028,21,7,10,142488,36.649885569237
2012,13674,3,2,0,0,1,10,0,0,352,279,280,0,104,41.104069,1.236195,23054.2346709822,280.437378,0.097314,21.826269,18.988693,21,7,10,142489,50.812644577455
2012,13674,3,3,0,0,1,10,0,0,269,219,253,0,104,70.382645,0.683595,21356.0357871144,151.713791,0.056832,13.932302,12.121001,21,5,10,142490,48.113224208775
2012,13674,3,4,0,0,1,10,0,0,317,254,270,0,104,50.681751,0.985958,22419.6637067937,221.180832,0.078924,18.240191,15.868834,21,6,10,142491,49.970077852458
2012,13674,3,5,0,0,1,10,0,0,439,339,298,0,104,26.426584,1.94816,24067.4742576802,455.364838,0.151363,32.365799,28.158009,21,8,10,142492,51.48321388544
2012,13674,3,6,0,0,1,10,0,0,307,156,269,0,104,54.037262,0.51429,11295.0649827246,104.511818,0.074023,17.284517,15.037404,21,6,10,142493,27.79082347398
2012,13674,3,9,0,0,1,10,0,0,346,274,278,0,104,42.542004,1.185048,22839.8111017848,268.438354,0.094025,21.18486,18.430674,21,6,10,142494,50.414316756192
2012,13674,3,10,0,0,1,10,0,0,300,241,264,0,104,56.588421,0.868019,21947.9472010351,193.926132,0.070686,16.63377,14.471258,21,6,10,142495,49.119824607999
2012,13674,3,11,0,0,1,100,0,0,154,138,86,43,49,214.747787,0.086548,14578.3850186094,33.943039,0.018627,6.917964,6.018578,10,3,10,142496,18.585991469276
2012,13674,3,12,0,0,1,10,0,0,313,251,269,0,104,51.985405,0.959187,22337.4517305123,214.843491,0.076945,17.854244,15.533061,21,6,10,142497,49.863724665735
2012,13674,3,13,0,0,1,10,0,0,371,292,284,0,104,37.001755,1.375382,23264.1352891872,314.365295,0.108103,23.930132,20.81904,21,7,10,142498,50.89154779541
2012,13674,3,14,0,0,1,10,0,0,383,301,287,0,104,34.719429,1.475955,23515.3204889467,338.647858,0.11521,25.315859,22.024612,21,7,10,142499,51.244314829695
2012,13674,3,15,0,0,2,100,0,0,15,0,16,0,7,1039.379028,0,643.934804249064,0.309769,0.000177,NA,NA,4,0,10,456078,0
2012,13674,4,3,0,0,1,100,0,1,371,289,234,137,59,37.001755,1.174322,31837.4265669589,430.215088,0.108103,33.760971,20.296806,12,7,10,142500,43.45197493511
2012,13674,4,9,0,0,1,100,0,1,246,191,213,127,59,84.158867,0.452025,28674.9328392425,170.361923,0.047529,15.588778,9.37184,12,4,10,142502,38.041911855675
2012,13674,4,10,0,0,1,100,0,1,208,161,203,89,59,117.718147,0.302106,27281.8433204176,115.877815,0.03398,11.523864,6.928048,12,4,10,142503,35.563358517582
2012,13674,4,12,0,0,1,100,0,1,267,207,218,34,59,71.441017,0.547565,29324.3572415432,205.234741,0.05599,18.127113,10.897865,12,5,10,142505,39.118600473605
2012,13674,4,13,0,0,1,100,0,0,409,171,228,71,59,36.467602,0.731015,22326.3322322855,306.111877,0.131383,40.744751,24.495396,12,8,10,142506,26.65836407603
2012,13674,4,14,0,0,1,100,0,1,335,217,243,80,59,45.381668,0.77526,27881.520160323,307.18924,0.088142,27.772453,16.69656,12,6,10,142507,35.18259193368
2012,13674,4,15,0,0,1,100,0,0,500,390,245,102,59,22.185425,2.310509,36837.3410175192,830.214905,0.19635,60.235001,36.212769,12,10,10,142508,51.259624131325
2012,13674,4,16,0,0,1,100,0,0,476,372,243,115,59,24.784782,2.070079,36987.6262987747,746.176147,0.177953,54.715836,32.894691,12,9,10,142509,51.306456737778
2012,13674,4,17,0,0,1,100,0,0,76,61,118,53,19,881.744873,0.009829,15535.9469953223,8.809774,0.004536,2.690941,1.617771,4,1,10,142510,8.666670356717
2012,13677,3,11,0,0,2,10,0,0,10,0,14,0,5,2777.430908,0,1526.86208993301,0.27487,7.9e-05,NA,NA,4,0,10,456081,0
2012,13677,3,12,0,0,2,100,0,0,10,0,14,0,7,3183.0979,0,1028.5066779585,0.161558,7.9e-05,NA,NA,4,0,10,456082,0
2012,13677,3,13,0,0,2,100,0,0,25,0,23,0,7,1039.379028,0,1686.00686331061,0.811065,0.000491,NA,NA,4,0,10,456083,0
2012,13678,1,3,0,0,1,100,0,0,380,312,190,65,99,35.269794,1.087943,28404.7946732259,402.678772,0.113412,35.353527,38.23531,20,7,10,142527,38.371525493742
2012,13678,2,1,0,0,1,100,0,0,613,452,250,87,119,14.143874,3.389203,34001.3551331902,1201.981689,0.295129,89.868683,707.019836,24,12,10,142531,47.936460192422
2012,13678,2,3,0,0,2,100,0,0,25,0,23,0,7,1039.379028,0,1686.00686331061,0.811065,0.000491,NA,NA,4,0,10,456085,0
2012,13678,4,3,0,0,1,100,0,2,357,279,247,0,64,39.960754,1.144946,33272.7715585174,416.318115,0.100098,31.359531,30.613617,13,7,10,142539,45.752905449284
2012,13678,4,6,0,0,1,100,0,0,250,191,236,85,64,81.487328,0.504197,30815.9744160091,189.084457,0.049087,16.05625,15.674339,13,5,10,142542,41.085666315616
2012,13678,4,7,0,0,1,100,0,1,225,165,212,81,64,100.601646,0.345844,27374.0738653881,136.051819,0.039761,13.258262,12.942904,13,4,10,142543,34.792475659224
2012,13679,2,9,0,0,2,100,0,0,65,0,67,0,28,1039.379028,0,12861.349888383,6.187036,0.003318,NA,NA,6,1,10,456089,0
2012,13679,3,8,0,0,1,100,0,0,324,229,201,72,99,48.51545,0.677695,25683.6954727905,264.696045,0.082448,26.064444,29.239649,20,6,10,142561,32.87867788775
2012,13679,3,9,0,0,1,100,0,0,162,126,169,53,99,194.061798,0.149564,23368.0507658106,60.207756,0.020612,7.513611,8.428929,20,3,10,142562,29.024658756072
2012,13679,3,10,0,0,2,100,0,0,25,0,23,0,7,4024.893066,0,6528.89576425751,0.811065,0.000491,NA,NA,4,0,10,456090,0
2012,13679,3,11,0,0,2,100,0,0,65,0,67,0,28,1039.379028,0,12861.349888383,6.187036,0.003318,NA,NA,6,1,10,456091,0
2012,13681,2,1,0,0,1,100,0,0,608,445,279,69,80,18.903343,3.642238,48377.1760328307,1279.59314,0.290334,88.430222,104.487785,16,12,10,142563,68.850474201634
2012,13681,3,2,0,0,1,10,0,0,275,206,172,0,44,88.703316,0.435198,19604.9731690823,110.508682,0.059396,14.432196,25.992418,9,5,10,142568,38.603505716568
2012,13681,3,3,0,0,1,10,0,0,365,246,207,0,44,46.043514,0.798042,18170.5736884082,197.31958,0.104635,23.253811,41.880165,9,7,10,142569,36.744657999588
2012,13681,3,4,0,0,1,10,0,0,308,242,191,0,44,53.686947,0.641856,17448.5838158291,162.503036,0.074506,17.378706,31.299089,9,6,10,142570,34.459289053632
2012,13683,1,3,0,0,1,100,0,2,126,98,159,0,40,320.796051,0.079064,22227.6600334626,34.644535,0.012469,5.070703,2.003815,8,2,10,142573,25.363418976264
2012,13683,1,12,0,0,1,100,0,1,180,140,185,37,40,157.190048,0.204661,25224.4503230199,80.235519,0.025447,8.964088,3.542384,8,3,10,142582,32.170672413728
2012,13937,1,2,0,0,1,10,0,0,355,214,274,0,54,40.412285,0.846957,15091.8832099252,186.723953,0.09898,22.151106,18.997772,11,7,10,144672,34.227467666745
2012,13937,1,3,0,0,1,10,0,0,461,355,306,0,54,23.964495,2.190675,24570.631152804,512.646545,0.166914,35.398224,30.359089,11,9,10,144673,52.498420084125
2012,13937,1,4,0,0,1,10,0,0,274,210,269,0,54,67.837372,0.690025,20329.8281749476,149.842392,0.058965,14.348112,12.305578,11,5,10,144674,46.8094826143
2012,13937,1,10,0,0,1,10,0,0,356,282,284,0,54,40.18557,1.280887,23291.5259515235,289.799622,0.099538,22.259998,19.091164,11,7,10,144675,51.47317420059
2012,13937,1,12,0,0,1,10,0,0,511,389,314,0,54,19.50421,2.697803,24930.8112098983,639.113586,0.205084,42.841457,36.742737,11,10,10,144676,52.61851625063
2012,13937,1,13,0,0,1,10,0,0,363,287,285,0,54,38.650654,1.33159,23369.3639827924,302.315247,0.103491,23.030819,19.752253,11,7,10,144677,51.46682435986
2012,13937,1,14,0,0,1,10,0,0,310,249,270,0,54,52.996441,0.947023,22400.1422892985,211.336288,0.075477,17.568003,15.067101,11,6,10,144678,50.188848545143
2012,13937,1,15,0,0,1,10,0,0,416,324,298,0,54,29.429537,1.776975,24135.2954911802,410.052246,0.135918,29.354046,25.175335,11,8,10,144679,52.295551510575
2012,13937,1,17,0,0,1,10,0,0,349,277,282,0,54,41.813759,1.226881,23163.0359931467,276.978638,0.095663,21.504189,18.442949,11,6,10,144680,51.300506455679
2012,13937,1,18,0,0,1,10,0,0,409,319,296,0,54,30.445526,1.711209,24007.9529395949,394.277191,0.131383,28.469587,24.416784,11,8,10,144681,52.098658100934
2012,13937,1,19,0,0,1,10,0,0,297,239,265,0,54,57.737404,0.856428,22012.4134508532,190.625244,0.069279,16.359472,14.030611,11,5,10,144682,49.447929432912
2012,13937,1,20,0,0,1,10,0,0,308,247,269,0,54,53.686947,0.929309,22265.66349634,207.365707,0.074506,17.378706,14.904751,11,6,10,144683,49.891763029623
2012,13937,1,22,0,0,1,10,0,0,373,294,288,0,54,36.606014,1.412657,23543.8112116319,321.583923,0.109272,24.158024,20.718994,11,7,10,144684,51.711741919198
2012,13937,2,1,0,0,1,10,0,0,361,225,266,0,44,48.176395,0.888872,19273.7101815248,200.032715,0.102354,22.809052,20.148642,9,7,10,144685,42.82264857644
2012,13937,2,2,0,0,1,10,0,0,168,142,186,0,44,180.447784,0.204478,17770.3772292003,49.239666,0.022167,7.17259,6.33599,9,3,10,144686,36.897601976752
2012,13937,2,3,0,0,1,10,0,0,341,263,249,0,44,44.574726,0.992766,20797.3553876737,233.286407,0.091327,20.658783,18.249176,9,6,10,144687,44.252272432116
2012,13937,2,4,0,0,1,10,0,0,415,321,270,0,44,29.571541,1.586509,22458.9590938332,379.73941,0.135265,29.226774,25.81781,9,8,10,144688,46.915515940369
2012,13937,2,7,0,0,1,10,0,0,212,176,212,0,44,113.317863,0.365579,19011.2639922633,83.884674,0.035299,9.733309,8.598031,9,4,10,144690,41.426631037677
2012,13937,2,8,0,0,1,10,0,0,442,339,275,0,44,26.069073,1.804451,22694.8862490594,435.283722,0.153439,32.770584,28.948277,9,8,10,144691,47.040364843923
2012,13937,2,9,0,0,1,10,0,0,172,145,189,0,44,174.373154,0.217358,18110.9453986214,51.931576,0.023235,7.380879,6.519985,9,3,10,144692,37.901400007132
2012,13937,2,14,0,0,1,10,0,0,342,270,256,0,44,56.390209,1.061514,27903.5009737548,247.414413,0.091864,20.763388,18.341579,9,6,10,144693,59.858996316426
2012,13937,2,15,0,0,1,10,0,0,238,195,224,0,44,89.911697,0.478177,19583.674725711,108.905045,0.044488,11.525198,10.180917,9,4,10,144694,42.993705536369
2012,13937,3,10,0,0,2,100,0,0,25,0,23,0,7,1039.379028,0,1686.00686331061,0.811065,0.000491,NA,NA,4,0,10,456649,0
2012,13937,4,1,0,0,1,10,2,0,133,121,117,0,49,287.916687,0.109529,14987.8184105573,26.028048,0.013893,5.559123,5.437346,10,2,10,144703,31.535226810423
2012,13937,4,3,0,0,1,10,0,0,247,162,259,0,49,83.478806,0.435988,15520.6647751213,92.961708,0.047916,12.19371,11.926596,10,4,10,144704,36.395757670328
2012,13937,4,7,0,0,1,10,0,0,385,302,288,0,49,34.359646,1.492058,23524.3869872897,342.325806,0.116416,25.551102,24.991381,10,7,10,144705,51.266584691468
2012,13937,4,12,0,0,1,10,0,0,410,275,283,0,49,30.297192,1.327161,18654.9134801866,307.865387,0.132026,28.595018,27.968618,10,8,10,144707,40.209251631912
2012,13937,4,14,0,0,1,10,0,0,453,349,301,0,49,24.818394,2.084372,24266.3256027043,488.877838,0.161171,34.278374,33.527477,10,9,10,144708,51.730765538568
2012,13937,4,15,0,0,1,10,0,0,325,259,273,0,49,48.217358,1.038686,22505.4783178295,233.375275,0.082958,19.026783,18.609983,10,6,10,144709,50.082694711588
2012,13937,4,16,0,0,1,10,0,0,360,284,282,0,49,39.297512,1.291996,23100.1780018285,293.914001,0.101788,22.698631,22.201397,10,7,10,144710,50.772228313952
2012,13937,4,19,0,0,1,10,0,0,425,330,296,0,49,28.196306,1.831775,24021.2890930539,425.965179,0.141863,30.51326,29.844837,10,8,10,144711,51.64928842315
2012,13938,4,10,0,0,2,100,0,0,15,0,16,0,7,1039.379028,0,643.934804249064,0.309769,0.000177,NA,NA,4,0,10,456650,0
2012,13941,2,3,0,0,1,10,0,0,421,238,290,0,61,28.73465,1.148995,14727.0272451869,256.259033,0.139205,29.994991,21.589022,13,8,10,144723,33.01596917675
2012,13941,2,4,0,0,1,10,0,0,403,314,285,0,61,31.358843,1.598175,23347.703646943,372.266663,0.127556,27.723425,19.954052,13,8,10,144724,50.116918911525
2012,13941,2,5,0,0,1,10,0,0,432,261,290,0,61,27.28994,1.310963,16370.3928657415,299.93457,0.146574,31.432026,22.623333,13,8,10,144725,35.77610161222
2012,13941,2,6,0,0,1,10,0,0,268,218,244,0,61,70.908859,0.653296,20839.4640640427,146.945419,0.056411,13.850061,9.968639,13,5,10,144726,46.324473949264
2012,13941,2,7,0,0,1,10,0,0,458,352,296,0,61,24.279467,2.086534,23974.195385778,493.713379,0.164749,34.975983,25.17411,13,9,10,144727,50.659933397378
2012,13941,2,8,0,0,1,10,0,0,379,297,280,0,61,35.456158,1.404609,23009.4408035165,324.477356,0.112816,24.849049,17.885206,13,7,10,144728,49.802038632222
2012,13941,2,10,0,0,1,10,0,0,448,345,294,0,61,25.375467,1.991283,23854.0696093077,470.022278,0.157633,33.588421,24.175407,13,8,10,144730,50.529736054161
2012,13941,2,11,0,0,1,10,0,0,388,304,282,0,61,33.83036,1.480675,23214.0630844989,343.095123,0.118237,25.906267,18.646145,13,7,10,144731,50.091768293
2012,13941,2,12,0,0,1,10,0,0,329,262,266,0,61,47.052025,1.035332,22176.9412620903,235.664047,0.085012,19.427433,13.982977,13,6,10,144732,48.7144671473
2012,13941,2,14,0,0,1,10,0,0,482,368,300,0,61,21.921791,2.312188,24137.9176179409,550.546204,0.182467,38.431114,27.660957,13,9,10,144734,50.687302088708
2012,13941,3,4,0,0,1,10,0,0,699,499,303,0,59,10.423553,4.339849,22775.4353073366,1092.498657,0.383747,77.680702,145.184296,12,13,10,144736,45.236646063497
2012,13942,4,6,0,0,1,100,0,0,732,530,261,71,147,10.387918,5.073153,36366.2115115346,1750.409058,0.420836,127.580833,223.719666,30,14,10,144755,52.699497365454
2012,13942,4,8,0,0,2,100,0,0,10,0,14,0,7,4024.893066,0,1300.50332302059,0.161558,7.9e-05,NA,NA,4,0,10,456661,0
2012,13944,2,1,0,0,1,100,0,0,457,180,270,66,84,24.385841,0.995426,19844.1001648842,406.877502,0.16403,50.539001,71.573624,17,9,10,144757,24.274300163266
2012,13944,2,2,0,0,1,100,0,0,374,270,256,54,84,36.410519,1.174528,31872.3135867239,437.680023,0.109859,34.287586,48.558281,17,7,10,144758,42.765174060032
2012,13944,2,3,0,0,1,100,0,1,261,204,240,86,84,74.763405,0.578454,31844.5469383229,212.968811,0.053502,17.380671,24.614607,17,5,10,144759,43.24719067587
2012,13945,1,4,0,0,2,100,0,0,10,0,14,0,7,3183.0979,0,1028.5066779585,0.161558,7.9e-05,NA,NA,4,0,10,456662,0
2012,13945,3,2,0,0,1,20,0,0,369,308,124,0,84,37.403946,0.668022,15689.0171119222,209.724091,0.106941,33.082253,40.179504,17,7,10,144768,24.986658814812
2012,13945,3,3,0,0,1,20,0,0,365,287,138,0,84,38.228245,0.669693,15253.419734583,199.504578,0.104635,32.390476,39.339317,17,7,10,144769,25.601188078785
2012,13945,3,5,0,0,1,20,0,0,464,298,157,0,84,23.655611,0.955108,12539.3276965785,265.039185,0.169093,51.728039,62.825432,17,9,10,144770,22.593663310988
2012,13945,3,6,0,0,1,20,0,2,628,329,159,0,84,12.913703,1.44151,9374.82187341499,362.979614,0.309749,93.924751,114.07476,17,12,10,144771,18.61523201153
2012,14195,1,1,0,0,1,10,0,0,343,271,263,0,47,43.289433,1.098066,21949.709646125,253.52272,0.092402,20.868298,22.992428,10,6,10,146915,47.534654536578
2012,14195,1,3,0,0,1,10,0,0,520,345,280,0,47,18.834906,2.056864,19090.0014841564,506.771881,0.212372,44.262562,48.767929,10,10,10,146916,38.740840094784
2012,14195,1,5,0,0,1,10,0,0,453,288,306,0,47,24.818394,1.611913,18457.2036196915,371.845245,0.161171,34.278374,37.767483,10,9,10,146917,40.005091927722
2012,14195,1,6,0,0,1,10,0,0,281,227,243,0,47,64.499672,0.70736,20753.6532405057,160.881851,0.062016,14.943113,16.464134,10,5,10,146918,45.62448798592
2012,14195,1,7,0,0,1,10,0,0,440,339,284,0,47,26.306602,1.858849,23289.6069364051,442.657074,0.152053,32.50042,35.808556,10,8,10,146919,48.900000821098
2012,14195,1,11,0,0,1,10,0,0,205,170,208,0,47,121.188766,0.334583,18694.1992375674,77.128433,0.033006,9.286255,10.231479,10,4,10,146920,40.547700894578
2012,14195,1,12,0,0,1,10,0,0,418,324,280,0,47,29.148586,1.673369,23075.0998748481,395.818512,0.137228,29.609507,32.623383,10,8,10,146921,48.776340206234
2012,14195,1,13,0,0,1,10,0,0,329,261,259,0,47,47.052025,1.002332,21687.0232972118,230.457916,0.085012,19.427433,21.404902,10,6,10,146922,47.1617503223
2012,14195,1,15,0,0,1,10,0,0,326,259,258,0,47,47.921993,0.982741,21641.7405325274,225.801758,0.083469,19.126488,21.073324,10,6,10,146923,47.094907322813
2012,14195,1,16,0,0,1,10,0,0,454,348,286,0,47,24.709183,1.974475,23342.5935501149,472.346527,0.161884,34.417282,37.920528,10,9,10,146924,48.787664103925
2012,14195,2,2,0,0,1,10,0,0,422,326,278,0,47,49.820091,1.684258,39891.4218484476,400.354767,0.139867,30.124098,40.275658,10,8,10,146925,83.909886827478
2012,14195,2,8,0,0,1,10,0,0,490,373,290,0,47,44.760471,2.298218,49780.6922281288,556.078735,0.188575,39.622036,52.974319,10,9,10,146926,102.869320140678
2012,14195,2,9,0,0,1,10,0,0,425,277,281,0,47,29.067215,1.361234,18480.6794764408,317.895599,0.141863,30.51326,40.795963,10,8,10,146927,39.56728134331
2012,14195,2,10,0,0,1,10,0,0,210,174,208,0,47,115.48658,0.350822,18714.9725022473,81.026611,0.034636,9.604046,12.840527,10,4,10,146928,40.51523296876
2012,14195,2,11,0,0,1,10,0,0,399,230,271,0,47,36.001888,1.000236,16171.4090920899,224.591125,0.125036,27.232111,36.409096,10,7,10,146929,36.010384445568
2012,14195,2,12,0,0,1,10,0,0,431,332,280,0,47,39.256172,1.76008,32922.8005730091,419.332794,0.145897,31.299852,41.847633,10,8,10,146930,69.09400321376
2012,14195,2,13,0,0,2,100,0,0,10,0,14,0,7,4024.893066,0,1300.50332302059,0.161558,7.9e-05,NA,NA,4,0,10,457261,0
2012,14195,2,14,0,0,2,100,0,0,15,0,16,0,7,2078.758057,0,1287.86960911767,0.309769,0.000177,NA,NA,4,0,10,457262,0
2012,14195,3,1,0,0,1,10,0,0,194,162,203,0,44,162.522598,0.294896,22242.2079490122,68.428047,0.029559,8.614067,4.127386,9,3,10,146931,47.927264059808
2012,14195,3,2,0,0,1,10,0,0,328,260,255,0,44,72.723267,0.97978,32934.7537495587,226.438904,0.084496,19.326813,9.260342,9,6,10,146932,71.25280254126
2012,14195,3,3,0,0,1,10,0,0,301,241,247,0,44,101.630287,0.813013,37906.5400750032,186.49234,0.071158,16.725815,8.014087,9,6,10,146933,82.626744524731
2012,14195,3,4,0,0,1,10,0,0,428,264,269,0,44,43.793308,1.237077,25336.8343319951,289.277466,0.143873,30.905176,14.808055,9,8,10,146934,54.175694080716
2012,14195,3,5,0,0,1,10,0,0,290,233,244,0,44,74.858345,0.749989,25666.0612973451,171.430862,0.066052,15.730167,7.537027,9,5,10,146935,56.142935308205
2012,14195,3,6,0,0,1,10,0,0,349,275,260,0,44,46.051144,1.118704,23991.5357769693,260.487946,0.095663,21.504189,10.303619,9,6,10,146936,51.517598997376
2012,14195,3,7,0,0,1,10,0,0,252,206,231,0,44,80.976654,0.550934,20269.5725164454,125.156891,0.049876,12.575827,6.025642,9,5,10,146937,44.612791894836
2012,14195,3,8,0,0,1,10,0,0,264,214,235,0,44,83.749229,0.607375,23147.6320603784,138.196091,0.054739,13.524151,6.480026,9,5,10,146938,50.867187963875
2012,14195,3,9,0,0,1,10,0,0,240,197,226,0,44,102.643715,0.491928,22951.8777118529,111.803619,0.045239,11.671612,5.592392,9,4,10,146939,50.49331743252
2012,14195,3,10,0,0,1,10,0,0,415,321,273,0,44,38.186619,1.60404,29201.9070028451,382.357849,0.135265,29.226774,14.003856,9,8,10,146940,61.25286434076
2012,14195,3,12,0,0,1,10,0,0,352,164,269,0,44,43.313972,0.619457,10713.5341232523,123.672958,0.097314,21.826269,10.457943,9,7,10,146941,26.831143153204
2012,14195,3,13,0,0,1,10,2,0,385,318,190,0,44,44.714893,1.381781,25517.4390453314,285.3349,0.116416,25.551102,12.242677,9,7,10,146942,61.786189564433
2012,14195,3,14,0,0,1,10,0,0,299,239,247,0,44,90.275398,0.800448,33097.7770478406,183.315598,0.070216,16.54203,7.926027,9,5,10,146943,72.260761778304
2012,14195,3,15,0,0,1,10,0,0,277,224,240,0,44,100.354645,0.680046,31100.0906433665,154.950928,0.060263,14.601276,6.996126,9,5,10,146944,68.24577491367
2012,14195,3,16,0,0,1,10,0,0,391,304,269,0,44,54.335297,1.417701,36404.9176237084,335.002472,0.120073,26.264185,12.584347,9,7,10,146945,77.031204892197
2012,14195,3,17,0,0,1,10,0,0,300,240,247,0,44,57.551311,0.806719,21282.4916703341,184.900146,0.070686,16.63377,7.969984,9,6,10,146946,46.427736058609
2012,14195,3,18,0,0,1,10,0,0,294,236,245,0,44,58.921726,0.772706,20843.7565461607,176.876663,0.067887,16.087933,7.708449,9,5,10,146947,45.529171210556
2012,14195,3,19,0,0,2,10,0,0,10,0,14,0,5,2777.430908,0,1526.86208993301,0.27487,7.9e-05,NA,NA,4,0,10,457265,0
2012,14195,3,20,0,0,2,100,0,0,10,0,14,0,7,3183.0979,0,1028.5066779585,0.161558,7.9e-05,NA,NA,4,0,10,457266,0
2012,14199,4,10,0,0,1,100,0,2,430,335,232,0,59,27.54439,1.590839,31954.0814073937,580.046997,0.14522,44.896141,24.955095,12,8,10,146963,43.81868984321
2012,14200,2,6,0,0,1,10,0,0,164,116,98,0,13,189.357437,0.085654,9361.25357702484,24.718473,0.021124,6.969203,2.321177,4,3,10,146965,16.219221908798
2012,14200,2,7,0,0,1,10,0,0,15,0,15,0,3,1039.379028,0,767.916092225016,0.369411,0.000177,2.884459,0.960704,4,0,10,457272,0
2012,14200,2,8,0,0,1,10,0,0,25,0,19,0,3,2777.430908,0,3909.4423103281,0.703788,0.000491,2.94572,0.981108,4,0,10,457273,0
2012,14200,2,9,0,0,1,100,0,0,15,0,18,0,4,1039.379028,0,643.934804249064,0.309769,0.000177,1.383015,0.46063,4,0,10,457274,0
2012,14200,2,10,0,0,1,100,0,0,25,0,24,0,4,4024.893066,0,6528.89576425751,0.811065,0.000491,1.477262,0.49202,4,0,10,457275,0
2012,14200,2,11,0,0,1,100,0,0,55,0,59,0,9,3118.137207,0,26614.5420803534,4.267699,0.002376,2.04275,0.680363,4,1,10,457276,0
2012,14200,2,12,0,0,1,100,0,0,65,0,73,0,16,1039.379028,0,12861.349888383,6.187036,0.003318,2.325495,0.774534,4,1,10,457277,0
2012,14200,3,4,0,0,1,10,0,0,15,0,15,0,3,1039.379028,0,767.916092225016,0.369411,0.000177,2.884459,1.670527,4,0,10,457279,0
2012,14200,3,5,0,0,1,100,0,0,10,0,16,0,4,4024.893066,0,1300.50332302059,0.161558,7.9e-05,1.353562,0.783912,4,0,10,457280,0
2012,14200,3,6,0,0,1,100,0,0,15,0,18,0,4,2078.758057,0,1287.86960911767,0.309769,0.000177,1.383015,0.800969,4,0,10,457281,0
2012,14200,3,7,0,0,1,100,0,0,25,0,24,0,4,4024.893066,0,6528.89576425751,0.811065,0.000491,1.477262,0.855553,4,0,10,457282,0
2012,14200,3,3,0,0,3,100,0,0,663,479,287,122,175,11.586255,4.431944,35639.4165575028,1538.00415,0.345238,NA,NA,35,13,10,146966,51.34963332972
2012,14201,1,2,0,0,1,10,0,0,271,221,258,0,49,69.347618,0.70942,21701.8532841168,156.471512,0.057681,14.09771,9.25771,10,5,10,146967,49.19658716156
2012,14201,1,3,0,0,1,10,0,0,302,243,269,0,49,55.841396,0.898457,22289.5240297701,199.578857,0.071632,16.818165,11.044183,10,6,10,146968,50.171093125972
2012,14201,1,4,0,0,1,10,0,0,322,258,275,0,49,49.120003,1.035816,22749.0911565988,231.566467,0.081433,18.729515,12.299333,10,6,10,146969,50.879285027448
2012,14201,1,6,0,0,1,10,0,0,349,277,282,0,49,41.813759,1.226881,23163.0359931467,276.978638,0.095663,21.504189,14.12141,10,6,10,146970,51.300506455679
2012,14201,1,9,0,0,1,10,0,0,285,231,263,0,49,62.701855,0.791895,21969.3078512267,175.18866,0.063794,15.289852,10.040568,10,5,10,146971,49.653285465225
2012,14201,1,10,0,0,1,10,0,0,400,313,294,0,49,31.830988,1.635389,23920.4182484416,375.741058,0.125664,27.354481,17.963192,10,8,10,146972,52.056047634332
2012,14201,1,11,0,0,1,10,0,0,393,257,292,0,49,32.975014,1.215523,18143.9862189063,275.117188,0.121304,26.504328,17.404911,10,7,10,146973,40.081887942322
2012,14201,1,12,0,0,1,10,0,0,224,186,238,0,49,101.501869,0.459466,20569.5513769889,101.325974,0.039408,10.534605,6.917884,10,4,10,146974,46.636657741954
2012,14201,1,13,0,0,1,10,0,0,198,166,223,0,49,129.909149,0.340217,19777.2784269923,76.119652,0.030791,8.85421,5.814399,10,3,10,146975,44.197300945333
2012,14201,1,14,0,0,1,10,0,0,326,260,276,0,49,47.921993,1.05782,22700.0022394003,236.843262,0.083469,19.126488,12.560018,10,6,10,146976,50.69284263526
2012,14201,1,15,0,0,1,10,0,0,236,195,243,0,49,91.442085,0.517098,20835.5121369646,113.927368,0.043744,11.380009,7.473044,10,4,10,146977,47.28451926933
2012,14201,1,16,0,0,1,10,0,0,361,285,285,0,49,39.080101,1.314373,23291.7497315446,298.000122,0.102354,22.809052,14.97829,10,7,10,146978,51.365829591673
2012,14201,1,17,0,0,1,10,0,0,268,218,257,0,49,70.908859,0.688607,21523.145513501,151.766266,0.056411,13.850061,9.095083,10,5,10,146979,48.828336669413
2012,14201,1,18,0,0,1,10,0,0,367,209,287,0,49,37.812725,0.877934,14361.4236765219,189.901993,0.105785,23.478025,15.417593,10,7,10,146980,33.19707691015
2012,14201,1,19,0,0,1,10,0,0,274,223,259,0,49,67.837372,0.725737,21733.0419761344,160.184875,0.058965,14.348112,9.422145,10,5,10,146981,49.232090843164
2012,14201,1,20,0,0,1,10,0,0,386,303,291,0,49,34.181843,1.516994,23713.7787551591,346.876831,0.117021,25.669186,16.856487,10,7,10,146982,51.853650739942
2012,14201,1,21,0,0,2,100,0,0,10,0,14,0,7,3183.0979,0,1028.5066779585,0.161558,7.9e-05,NA,NA,4,0,10,457283,0
2012,14201,3,1,0,0,1,10,0,0,258,182,191,0,31,76.512207,0.393286,14373.2843503395,93.928047,0.052279,13.044476,17.08824,7,5,10,146992,30.091179842202
2012,14201,3,2,0,0,1,10,0,0,231,218,198,0,31,95.443443,0.490894,22313.6126835671,116.894424,0.04191,11.022398,14.439322,7,4,10,146993,46.852613508042
2012,14201,3,4,0,0,1,10,0,0,384,296,226,0,58,34.538834,1.138383,19702.3852422984,285.220764,0.115812,25.433329,33.317619,12,7,10,146995,39.318421465422
2012,14201,3,5,0,0,1,10,0,0,417,319,231,0,58,29.288561,1.352441,20070.5548869305,342.634705,0.136572,29.481623,38.620876,12,8,10,146996,39.611050727401
2012,14201,3,6,0,0,1,10,0,0,222,181,186,0,31,103.338974,0.342671,17155.1227472304,83.004128,0.038708,10.397992,13.621352,7,4,10,146997,35.411269559554
2012,14201,3,7,0,0,1,10,0,0,237,192,191,0,31,90.67205,0.39759,17428.9041077413,96.109573,0.044115,11.45245,15.00269,7,4,10,146998,36.0503003595
2012,14428,4,1,0,0,1,10,0,0,290,177,203,0,29,60.558365,0.44444,12278.7370571597,101.379364,0.066052,15.730167,8.639299,6,5,10,148759,26.9145597406
2012,14428,4,4,0,0,1,10,0,0,254,141,224,0,29,78.94101,0.333641,11203.1574408119,70.959045,0.050671,12.73082,6.992002,6,5,10,148762,26.33795751741
2012,14428,4,8,0,0,1,10,0,0,175,147,177,0,29,166.30069,0.209712,17080.5419808623,51.354393,0.024053,7.540311,4.141278,6,3,10,148765,34.87525030128
2012,14428,4,9,0,0,1,10,0,0,199,165,188,0,29,128.606812,0.28442,17507.1262276521,68.064537,0.031103,8.915012,4.89629,6,3,10,148766,36.57834946904
2012,14428,4,10,0,0,1,10,0,0,180,151,180,0,29,157.190048,0.225591,17237.2621326494,54.829369,0.025447,7.812158,4.290581,6,3,10,148767,35.460660118368
2012,14428,4,11,0,0,1,10,0,0,160,135,169,0,29,198.94368,0.167222,16721.5962864288,42.025955,0.020106,6.770716,3.718603,6,3,10,148768,33.26776005696
2012,14428,4,12,0,0,1,10,0,0,223,183,197,0,29,102.414238,0.369625,17960.8720001759,87.687378,0.039057,10.466145,5.7482,6,4,10,148769,37.85486272075
2012,14428,4,13,0,0,1,10,0,0,154,131,166,0,29,214.747787,0.15336,16757.0973099852,39.015762,0.018627,6.482176,3.560131,6,3,10,148770,32.93372061432
2012,14429,1,1,0,0,1,10,2,0,424,347,203,0,54,48.548241,1.750188,35149.7798649803,362.008789,0.141196,30.383236,40.816227,11,8,10,148771,84.968548819308
2012,14429,1,8,0,0,1,10,0,0,415,293,290,0,54,34.892899,1.492492,24193.2526252132,346.678741,0.135265,29.226774,39.262661,11,8,10,148772,52.077372614308
2012,14429,1,9,0,0,1,10,0,0,474,320,291,0,54,39.320961,1.822723,34233.6676772658,435.310669,0.176461,37.2598,50.05407,11,9,10,148773,71.671219996803
2012,14429,1,10,0,0,1,10,0,0,564,423,309,0,54,26.299284,3.142875,40136.148882005,763.06543,0.249833,51.567356,69.274551,11,11,10,148774,82.6553622015
2012,14429,1,11,0,0,1,10,0,0,526,398,304,0,54,21.483301,2.738111,28373.8154119829,660.36908,0.217301,45.223763,60.752697,11,10,10,148775,58.823662784411
2012,14429,1,13,0,0,1,10,0,0,303,243,253,0,54,68.37159,0.845883,26330.2064341823,192.552246,0.072107,16.910824,22.717659,11,6,10,148776,57.83436566397
2012,14429,2,1,0,0,1,10,0,0,287,233,269,0,49,61.831009,0.823501,22364.6956023581,180.853394,0.064693,15.465059,14.697656,10,5,10,148777,50.917897742509
2012,14429,2,3,0,0,1,10,0,0,321,257,279,0,49,49.426521,1.043462,22912.9498381999,231.78801,0.080928,18.631039,17.706533,10,6,10,148778,51.574696455702
2012,14429,2,5,0,0,1,10,0,0,279,227,266,0,49,65.427696,0.772478,22161.6133792953,169.359573,0.061136,14.771584,14.038591,10,5,10,148779,50.541455750688
2012,14429,2,6,0,0,1,10,0,0,309,239,272,0,49,53.340023,0.89654,21244.143811988,199.13887,0.074991,17.4732,16.606148,10,6,10,148780,47.82146422042
2012,14429,2,7,0,0,1,10,0,0,268,219,262,0,49,70.908859,0.707065,21933.0765055393,154.656815,0.056411,13.850061,13.162797,10,5,10,148781,50.137172388835
2012,14429,2,8,0,0,1,10,0,0,316,253,278,0,49,51.003021,1.008089,22788.737490611,223.405762,0.078427,18.143248,17.242947,10,6,10,148782,51.415584436869
2012,14429,2,9,0,0,1,10,0,0,303,218,278,0,49,55.473408,0.794135,19234.43588019,173.366272,0.072107,16.910824,16.071678,10,6,10,148783,44.05337486208
2012,14429,2,10,0,0,1,10,0,0,364,288,291,0,49,38.438583,1.368722,23713.1850999374,308.455505,0.104062,23.142159,21.993803,10,7,10,148784,52.611734200926
2012,14429,2,12,0,0,1,10,0,0,323,259,280,0,49,48.816322,1.062573,23046.728209619,236.055557,0.08194,18.8283,17.894005,10,6,10,148785,51.870905716506
2012,14429,2,13,0,0,1,10,0,0,193,163,225,0,49,136.727371,0.329602,20063.5733588648,73.370728,0.029255,8.554796,8.130292,10,3,10,148786,45.065614936342
2012,14429,2,14,0,0,1,10,0,0,319,256,279,0,49,50.048229,1.034369,22964.7264196837,229.425964,0.079923,18.435001,17.520224,10,6,10,148787,51.768336582501
2012,14429,3,4,0,0,1,100,0,0,607,277,184,71,144,13.822696,1.603635,15082.4393427693,545.567932,0.28938,88.143944,89.734489,29,12,10,148791,22.16655909996
2012,14429,3,6,0,0,1,100,0,0,678,472,211,52,144,11.079261,3.394563,26533.5073974255,1197.440308,0.361036,109.640747,111.619186,29,13,10,148793,37.609249457943
2012,14429,3,7,0,0,1,100,0,0,530,408,194,37,144,18.130861,2.076629,27713.2025284186,764.255005,0.220619,67.515648,68.733955,29,10,10,148794,37.651071747569
2012,14429,4,3,0,0,1,10,0,0,332,263,252,0,49,46.205532,0.990634,21314.3843031494,230.647537,0.08657,19.731134,22.411337,10,6,10,148795,45.772770987288
2012,14429,4,4,0,0,1,10,0,0,169,143,185,0,49,178.318619,0.206213,17737.1016026772,49.734295,0.022432,7.224203,8.20551,10,3,10,148796,36.771617379847
2012,14429,4,7,0,0,1,10,0,0,453,347,274,0,49,24.818394,1.88265,22697.8906611984,457.279602,0.161171,34.278374,38.934616,10,9,10,148797,46.7243494641
2012,14429,4,8,0,0,1,10,0,0,320,254,249,0,49,49.73592,0.913078,21059.0609955086,211.708771,0.080425,18.532866,21.050299,10,6,10,148798,45.41277436176
2012,14429,4,9,0,0,1,10,0,0,256,208,229,0,49,77.712364,0.558531,19837.8690724956,127.636505,0.051472,12.887035,14.63756,10,5,10,148799,43.404764377284
2012,14429,4,11,0,0,1,10,0,0,377,222,254,0,49,35.833351,0.868775,14077.8276448597,196.434708,0.111628,24.617481,27.961424,10,7,10,148800,31.131119515025
2012,14429,4,12,0,0,1,10,0,0,243,145,233,0,49,86.249695,0.341395,12670.0428493821,73.449783,0.046377,11.893532,13.509103,10,4,10,148801,29.445214624525
2012,14429,4,13,0,0,1,10,0,0,231,190,219,0,49,95.443443,0.442804,19338.8708702851,101.310631,0.04191,11.022398,12.519638,10,4,10,148802,42.262738334172
2012,14429,4,14,0,0,1,10,0,0,401,311,266,0,49,31.672428,1.467535,22193.0098799902,350.352203,0.126293,27.477154,31.209545,10,8,10,148803,46.48039662498
2012,365268,3,8,0,0,1,100,0,0,390,312,244,82,65,33.484276,1.407061,33942.4959613622,506.842316,0.119459,37.167801,28.719608,13,7,10,411386,47.114418872836
2012,365268,4,1,0,0,1,100,0,1,286,215,240,135,65,62.264137,0.664436,31049.626673179,249.337967,0.064243,20.602774,17.129423,13,5,10,411387,41.370534131732
2012,365268,4,2,0,0,1,100,0,1,316,248,264,73,65,51.003021,0.950364,34946.2682388645,342.590179,0.078427,24.858072,20.667336,13,6,10,411388,48.471435049644
2012,365268,4,3,0,0,1,100,0,1,81,64,148,59,65,776.247192,0.015294,15821.7023652544,10.19115,0.005153,2.875903,2.391064,13,1,10,411389,11.871924554448
2012,365268,4,4,0,0,1,100,0,1,109,85,180,92,65,428.664124,0.060318,24752.5715594994,28.871756,0.009331,4.129401,3.433239,13,2,10,411390,25.856162631432
2012,365268,4,7,0,0,1,100,0,0,310,263,278,98,65,52.996441,1.072958,38979.1573010359,367.752594,0.075477,23.973082,19.931541,13,6,10,411393,56.862955342478
2012,365268,4,9,0,0,1,100,0,1,255,200,251,131,65,78.323082,0.577908,33055.1658742139,211.018036,0.051071,16.65119,13.844023,13,5,10,411394,45.263535672456
2012,365268,4,10,0,0,2,100,0,0,10,0,14,0,7,4024.893066,0,1300.50332302059,0.161558,7.9e-05,NA,NA,4,0,10,515185,0
2012,365268,4,11,0,0,2,100,0,0,15,0,16,0,7,3118.137207,0,1931.80448895037,0.309769,0.000177,NA,NA,4,0,10,515186,0
